class,offset_hex,member_class,support,instances,evidence
tTexture,0x20,tShader,162,1269,embedded member/base vtable in live-object dump (SAHRDiag dynamic run)
tShader,0x20,tTexture,157,223,embedded member/base vtable in live-object dump (SAHRDiag dynamic run)
FeResourceManager::AliasEntry,0x30,FeEntityDummy,74,408,embedded member/base vtable in live-object dump (SAHRDiag dynamic run)
FeResourceManager::AliasEntry,0x18,FeEntityDummy,69,408,embedded member/base vtable in live-object dump (SAHRDiag dynamic run)
FeEntityDummy,0x30,FeResourceManager::AliasEntry,63,617,embedded member/base vtable in live-object dump (SAHRDiag dynamic run)
FeEntityDummy,0x18,FeResourceManager::AliasEntry,62,617,embedded member/base vtable in live-object dump (SAHRDiag dynamic run)
tSkeleton,0x10,tSkeleton::VJoint::?$tArray,48,48,embedded member/base vtable in live-object dump (SAHRDiag dynamic run)
tBillboardQuadGroup,0x18,PAVtBillboardQuad::?$tPtrArray,26,26,embedded member/base vtable in live-object dump (SAHRDiag dynamic run)
radObjectListNode,0x3C,radBaseObject,25,689,embedded member/base vtable in live-object dump (SAHRDiag dynamic run)
radBaseObject,0x0C,radObjectListNode,25,1445,embedded member/base vtable in live-object dump (SAHRDiag dynamic run)
radBaseObject,0x3C,radObjectListNode,25,1445,embedded member/base vtable in live-object dump (SAHRDiag dynamic run)
radBaseObject,0x24,radObjectListNode,25,1445,embedded member/base vtable in live-object dump (SAHRDiag dynamic run)
radObjectListNode,0x24,radBaseObject,24,689,embedded member/base vtable in live-object dump (SAHRDiag dynamic run)
radObjectListNode,0x0C,radBaseObject,22,689,embedded member/base vtable in live-object dump (SAHRDiag dynamic run)
radWeakCallbackWrapper,0x0C,radBaseObject,20,500,embedded member/base vtable in live-object dump (SAHRDiag dynamic run)
radWeakCallbackWrapper,0x34,radBaseObject,19,500,embedded member/base vtable in live-object dump (SAHRDiag dynamic run)
radBaseObject,0x1C,radWeakCallbackWrapper,19,1445,embedded member/base vtable in live-object dump (SAHRDiag dynamic run)
tSkeleton,0x38,tSkeleton::VJoint::?$tArray,17,48,embedded member/base vtable in live-object dump (SAHRDiag dynamic run)
tSkeleton::VJoint::?$tArray,0x18,tSkeleton,17,48,embedded member/base vtable in live-object dump (SAHRDiag dynamic run)
tCompositeDrawable,0x34,tCompositeDrawable::PAVDrawableElement::?$tPtrDynamicArray,15,15,embedded member/base vtable in live-object dump (SAHRDiag dynamic run)
tCompositeDrawable::DrawablePropElement,0x28,tPose,14,77,embedded member/base vtable in live-object dump (SAHRDiag dynamic run)
tSkeleton,0x28,tCompositeDrawable::DrawablePropElement,11,48,embedded member/base vtable in live-object dump (SAHRDiag dynamic run)
tSkeleton::VJoint::?$tArray,0x18,tCompositeDrawable::DrawablePropElement,11,48,embedded member/base vtable in live-object dump (SAHRDiag dynamic run)
tAnimationGroup,0x24,tFloat1Channel,10,36,embedded member/base vtable in live-object dump (SAHRDiag dynamic run)
tPolySkin,0x10,PAVtPrimGroup::?$tPtrArray,10,10,embedded member/base vtable in live-object dump (SAHRDiag dynamic run)
tPose,0x28,tCompositeDrawable::DrawablePropElement,10,38,embedded member/base vtable in live-object dump (SAHRDiag dynamic run)
tTexture,0x14,radBaseObject,9,1269,embedded member/base vtable in live-object dump (SAHRDiag dynamic run)
tAnimationGroup,0x28,tFloat1Channel,9,36,embedded member/base vtable in live-object dump (SAHRDiag dynamic run)
PlatformSoundPlayer,0x0C,PositionalSoundPlayer,8,8,embedded member/base vtable in live-object dump (SAHRDiag dynamic run)
radBaseObject,0x0C,tTexture,8,1445,embedded member/base vtable in live-object dump (SAHRDiag dynamic run)
tAnimationGroup,0x24,tVector3DOFChannel,8,36,embedded member/base vtable in live-object dump (SAHRDiag dynamic run)
tVector3DOFChannel,0x28,tCompressedQuaternionChannel,8,9,embedded member/base vtable in live-object dump (SAHRDiag dynamic run)
tCompositeDrawable::DrawablePoseElement,0x20,tTexture,8,39,embedded member/base vtable in live-object dump (SAHRDiag dynamic run)
tCompositeDrawable::DrawablePropElement,0x28,tCompositeDrawable::DrawableEffectElement,8,77,embedded member/base vtable in live-object dump (SAHRDiag dynamic run)
tAnimationGroup,0x20,tEntityChannel,7,36,embedded member/base vtable in live-object dump (SAHRDiag dynamic run)
PositionalSoundPlayer,0x30,PlatformSoundPlayer,7,64,embedded member/base vtable in live-object dump (SAHRDiag dynamic run)
tCompositeDrawable::DrawablePoseElement,0x20,tShader,7,39,embedded member/base vtable in live-object dump (SAHRDiag dynamic run)
tCompositeDrawable::DrawablePropElement,0x28,tSkeleton,7,77,embedded member/base vtable in live-object dump (SAHRDiag dynamic run)
tCompositeDrawable::DrawablePropElement,0x38,tSkeleton::VJoint::?$tArray,7,77,embedded member/base vtable in live-object dump (SAHRDiag dynamic run)
tCompositeDrawable::PAVDrawableElement::?$tPtrDynamicArray,0x34,Reward,6,15,embedded member/base vtable in live-object dump (SAHRDiag dynamic run)
NISPlayerGroup,0x04,PositionalSoundPlayer,6,6,embedded member/base vtable in live-object dump (SAHRDiag dynamic run)
CollectorCard,0x34,IRadObjectList,6,49,embedded member/base vtable in live-object dump (SAHRDiag dynamic run)
tEntityTable,0x20,tTexture,6,16,embedded member/base vtable in live-object dump (SAHRDiag dynamic run)
radBaseObject,0x2C,tTexture,6,1445,embedded member/base vtable in live-object dump (SAHRDiag dynamic run)
tTexture,0x34,radBaseObject,6,1269,embedded member/base vtable in live-object dump (SAHRDiag dynamic run)
GuiMenuItemText,0x18,ImageSlider,6,6,embedded member/base vtable in live-object dump (SAHRDiag dynamic run)
tTexture,0x20,tCompositeDrawable::DrawablePoseElement,6,1269,embedded member/base vtable in live-object dump (SAHRDiag dynamic run)
tAnimationMemoryBlock,0x20,tParticlePool,6,34,embedded member/base vtable in live-object dump (SAHRDiag dynamic run)
tPose,0x28,tSkeleton,6,38,embedded member/base vtable in live-object dump (SAHRDiag dynamic run)
tPose,0x38,tSkeleton::VJoint::?$tArray,6,38,embedded member/base vtable in live-object dump (SAHRDiag dynamic run)
PositionalSoundPlayer,0x30,TrafficSoundPlayer,5,64,embedded member/base vtable in live-object dump (SAHRDiag dynamic run)
TrafficSoundPlayer,0x08,PositionalSoundPlayer,5,5,embedded member/base vtable in live-object dump (SAHRDiag dynamic run)
TrafficSoundPlayer,0x3C,PositionalSoundPlayer,5,5,embedded member/base vtable in live-object dump (SAHRDiag dynamic run)
AIVehicleSoundPlayer,0x08,PositionalSoundPlayer,5,5,embedded member/base vtable in live-object dump (SAHRDiag dynamic run)
AIVehicleSoundPlayer,0x3C,PositionalSoundPlayer,5,5,embedded member/base vtable in live-object dump (SAHRDiag dynamic run)
PositionalSoundPlayer,0x30,AnimObjSoundPlayer,5,64,embedded member/base vtable in live-object dump (SAHRDiag dynamic run)
AnimObjSoundPlayer,0x0C,PositionalSoundPlayer,5,5,embedded member/base vtable in live-object dump (SAHRDiag dynamic run)
FeTextChildTextBibleString,0x18,radBaseObject,5,1304,embedded member/base vtable in live-object dump (SAHRDiag dynamic run)
tAnimationMemoryBlock,0x20,tCompositeDrawable::DrawablePoseElement,5,34,embedded member/base vtable in live-object dump (SAHRDiag dynamic run)
tShader,0x20,tCompositeDrawable::DrawablePoseElement,5,223,embedded member/base vtable in live-object dump (SAHRDiag dynamic run)
tAnimationMemoryBlock,0x20,tShader,5,34,embedded member/base vtable in live-object dump (SAHRDiag dynamic run)
tTexture,0x20,tAnimationMemoryBlock,5,1269,embedded member/base vtable in live-object dump (SAHRDiag dynamic run)
tSkeleton,0x28,tPose,5,48,embedded member/base vtable in live-object dump (SAHRDiag dynamic run)
tSkeleton::VJoint::?$tArray,0x18,tPose,5,48,embedded member/base vtable in live-object dump (SAHRDiag dynamic run)
tSkeleton,0x28,tParticleArray,5,48,embedded member/base vtable in live-object dump (SAHRDiag dynamic run)
tSkeleton::VJoint::?$tArray,0x18,tParticleArray,5,48,embedded member/base vtable in live-object dump (SAHRDiag dynamic run)
tCompositeDrawable::DrawableEffectElement,0x28,tCompositeDrawable::DrawablePropElement,5,11,embedded member/base vtable in live-object dump (SAHRDiag dynamic run)
sim::PhysicsJoint0D,0x20,sim::PAVPhysicsJoint::?$TList,5,5,embedded member/base vtable in live-object dump (SAHRDiag dynamic run)
sim::PAVPhysicsJoint::?$TList,0x30,sim::SymMatrix,5,5,embedded member/base vtable in live-object dump (SAHRDiag dynamic run)
