class,typedescriptor_va,vtable_va,vcount
sim::SimState,0x0064235C,0x005F32BC,20
sim::SimulatedObject,0x00642378,0x005F38B4,30
sim::ManualSimState,0x006423A0,0x005F3314,20
sim::VoidPList,0x006423C4,0x005F3B54,1
sim::PAVCollisionObject::?$TList,0x006423E0,0x005F3394,1
sim::CollisionManager,0x00642414,0x005F339C,3
sim::SimUnits,0x00642438,0x005F3664,2
sim::PhysicsProperties,0x00642454,0x005F33B0,2
sim::VPhysicsProperties::?$SafeCast,0x00642478,0x005F33D0,1
sim::SymMatrix,0x006424C0,0x005F3450,1
sim::PAVCollisionVolume::?$TList,0x006424DC,0x005F3458,1
sim::SphereVolume,0x00642510,0x005F3460,10
sim::CylinderVolume,0x00642530,0x005F348C,10
sim::WallVolume,0x00642554,0x005F34E4,10
sim::BBoxVolume,0x00642574,0x005F3510,10
sim::CollisionObjectLoader,0x00642594,0x005F3570,10
sim::VirtualCM,0x006425C4,0x005F35BC,5
sim::JointVirtualCM,0x006425E0,0x005F35D4,5
sim::PAVJointVirtualCM::?$TList,0x00642604,0x005F35EC,1
sim::SimStateArticulated,0x00642638,0x005F35F4,20
sim::VArticulatedPhysicsObject::?$SafeCast,0x00642670,0x005F3648,1
sim::VSkeletonInfo::?$SafeCast,0x006426BC,0x005F3650,1
sim::SkeletonInfo,0x006426FC,0x005F3B28,3
sim::PAVSimUnits::?$TList,0x00642730,0x005F365C,1
sim::SimEnvironment,0x0064275C,0x005F3670,2
sim::SimCGSValue,0x00642780,0x005F368C,5
sim::SimLength,0x006427A0,0x005F36A4,5
sim::SimTime,0x006427BC,0x005F36BC,5
sim::tExportInfo,0x006427D8,0x005F36E8,3
sim::SimUnitsManager,0x006427F8,0x005F36F8,2
sim::tExportInfoLoader,0x0064281C,0x005F3704,10
sim::PhysicsObjectLoader,0x00642854,0x005F382C,10
sim::ImpulseBasedCollisionSolver,0x00642894,0x005F385C,6
sim::PhysicsJoint,0x00642924,0x005F3934,29
sim::PhysicsJoint0D,0x00642944,0x005F39B4,29
sim::PhysicsJoint1D,0x00642968,0x005F3A2C,29
sim::PhysicsJoint3D,0x0064298C,0x005F3AA4,29
sim::PAVPhysicsJoint::?$TList,0x006429B0,0x005F3B1C,1
sim::SubCollisionDetector,0x00642A08,0x005F3C20,1
sim::CollisionDetector,0x00642A30,0x005F3B4C,1
sim::Filter3D,0x00642A64,0x00000000,0
sim::SimpleFilter3D,0x00642A80,0x005F3C44,3
sim::SimpleFilterAbs3D,0x00642AA4,0x005F3C08,3
sim::Filter1D,0x00642AE0,0x00000000,0
sim::SimpleFilter1D,0x00642AFC,0x005F3C34,3
Scrooby::App,0x00642B34,0x005F3C64,24
FeProjectFileHandler,0x00642B50,0x005F3E88,6
FeTextBibleLoader,0x00642B74,0x005F3EFC,10
FeLanguage,0x00642B94,0x005F529C,5
Scrooby::TextBible,0x00642BB0,0x005F42D4,2
Scrooby::Project,0x00642BD0,0x005F44E8,12
FeProject,0x00642BF0,0x005F451C,12
Scrooby::Screen,0x00642C08,0x005F410C,24
FeScreen,0x00642C28,0x005F4190,7
PAVFeProject::?$rVector,0x00642C40,0x005F3FDC,1
FeApp,0x00642C68,0x005F4004,25
Scrooby::Owner,0x00642C88,0x005F40D8,12
FeParent,0x00642CA4,0x005F5A1C,12
FeEntity,0x00642CBC,0x005F5A68,5
FeDrawable,0x00642CD4,0x005F5974,24
FeOwner,0x00642CF0,0x005F586C,2
Scrooby::Page,0x00642D08,0x005F5648,12
PAVFeLanguage::?$rVector,0x00642D24,0x005F42E0,1
FeTextBible,0x00642D4C,0x005F42E8,2
FeResourceManager::ResourceManagerEntryBase,0x00642D74,0x005F4344,5
FeResourceManager::AliasEntry,0x00642DB0,0x005F435C,1
Scrooby::ResourceManager,0x00642DDC,0x005F4364,5
FeResourceManager::PAVResourceEntry::?$rVector,0x00642E04,0x005F437C,1
FeResourceManager::PAVAliasEntry::?$rVector,0x00642E44,0x005F4384,1
FeResourceManager::PAUPure3dAttributesEntry::?$rVector,0x00642E80,0x005F438C,1
FeResourceManager::ResourceEntry,0x00642EC8,0x005F4394,5
FeResourceManager::Pure3dAttributesEntry,0x00642EF8,0x005F43AC,5
FeResourceManager::P3DCallback,0x00642F30,0x005F43C4,5
FeResourceManager,0x00642F5C,0x005F43F4,5
XMLTree,0x00642F7C,0x005F44C8,1
Scrooby::ResourceManagerCallback,0x00642F94,0x005F44DC,2
FeTextStyle,0x00642FC4,0x005F4638,5
Scrooby::Polygon,0x00642FE0,0x005F4654,24
FePolygon,0x00643000,0x005F46DC,8
Scenegraph::Iterator,0x00643020,0x005F9EE0,5
Scenegraph::LightGroupIterator,0x00643044,0x005F47E8,5
Scrooby::Pure3dObject,0x00643070,0x005F4924,14
FeBoundedDrawable,0x00643094,0x005F5ADC,14
FePure3dObject,0x006430B4,0x005F4A1C,17
PAVPascalCString::?$rVector,0x006430D4,0x005F4DC8,1
FeSprite,0x00643100,0x005F4DD0,13
FeText,0x00643118,0x005F505C,32
FeTextChildString,0x00643130,0x00000000,0
tFont,0x00643150,0x00000000,0
FeTextChildHardCodedString,0x00643164,0x005F521C,8
FeTextChildTextBibleString,0x00643190,0x005F5240,9
Scrooby::Group,0x006431C0,0x005F52B8,2
FeGroup,0x006431DC,0x005F5368,2
Scrooby::Layer,0x006431F4,0x005F54A0,12
FeLayer,0x00643210,0x005F5538,2
H::?$rVector,0x00643228,0x005F56FC,1
FePage,0x00643244,0x005F5704,6
Scrooby::FeProjectChunkHandler,0x0064325C,0x005F5830,10
FeMovie,0x00643288,0x00000000,0
PAVXMLAttribute::?$rVector,0x006432A0,0x005F5A80,1
PAVXMLNode::?$rVector,0x006432CC,0x005F5A88,1
XMLNode,0x006432F4,0x005F5A90,1
XMLParser,0x0064330C,0x005F5A98,1
FeEntityDummy,0x00643324,0x005F5AB0,5
tLinearTable,0x00643340,0x005F5AC8,3
radSoundObject,0x00643364,0x005F5C04,1
IRadSoundHalSystem,0x00643384,0x005F5C18,14
radSoundHalSystem,0x006433A8,0x005F5C54,1
IRadSoundHalListener,0x006433C8,0x005F5D14,18
radSoundHalListener,0x006433EC,0x005F5D60,1
IRadSoundHalDataSource,0x00643410,0x005F5DDC,8
IRadSoundRsdFileDataSource,0x00643438,0x005F5E44,10
radSoundRsdFileDataSource,0x00643464,0x005F5E00,1
radSoundUpdatableObject,0x0064348C,0x005F5E8C,2
IRadSoundClip,0x006434B4,0x005F5E98,10
IRadSoundHalBufferLoadCallback,0x006434D0,0x005F5EC4,3
IRadSoundHalBufferClearCallback,0x00643500,0x005F5ED4,3
VradSoundClip::?$radLinkedClass,0x00643530,0x00000000,0
radSoundClip,0x00643560,0x005F5EE4,2
IRadSoundPlayer,0x0064357C,0x00000000,0
IRadSoundClipPlayer,0x0064359C,0x005F5FA4,28
radSoundClipPlayer,0x006435C0,0x005F6018,2
IRadSoundHalPositionalGroup,0x006435E4,0x005F60B4,18
UradSoundHalPositionalGroup::?$radLinkedClass,0x00643610,0x00000000,0
radSoundHalPositionalGroup,0x00643650,0x005F6100,1
IRadSoundHalDataSourceCallback,0x0064367C,0x005F6398,3
IRadSoundAdpcmDecodeStream,0x006436AC,0x005F63A8,9
RadicalAdpcmDecodeStream,0x006436D8,0x005F6338,1
IRadSoundHalAudioFormat,0x00643700,0x005F63D4,25
radSoundHalAudioFormat,0x00643728,0x005F643C,1
IRadSoundStreamPlayer,0x00643750,0x005F64C4,32
radSoundStreamPlayer,0x00643774,0x005F6548,2
IRadSoundStitchedDataSource,0x00643798,0x005F6678,13
radSoundStitchedDataSource,0x006437C4,0x005F6610,2
IRadSoundBufferedDataSource,0x006437F0,0x005F6740,14
radSoundBufferedDataSource,0x0064381C,0x005F66CC,2
IRadSoundHalMemoryRegion,0x00643850,0x005F67B8,9
radSoundHalMemoryRegion,0x00643878,0x005F67E0,1
IRadSoundHalEffect,0x006438A0,0x00000000,0
IRadSoundHalEffectEAX2Reverb,0x006438C4,0x005F68CC,27
radSoundHalEffectEAX2Reverb,0x006438F0,0x005F6848,1
IRadSoundHalBuffer,0x00643920,0x005F6960,12
VradSoundHalBufferWin::?$radLinkedClass,0x00643944,0x00000000,0
radSoundHalBufferWin,0x0064397C,0x005F69C8,1
radSoundHalPositionalEntity,0x006439A0,0x005F6A2C,1
IRadSoundHalVoice,0x006439CC,0x005F6A34,27
VradSoundHalVoiceWin::?$radLinkedClass,0x006439EC,0x00000000,0
radSoundHalVoiceWin,0x00643A24,0x005F6AA4,1
VradSoundBufferLoaderWin::?$radLinkedClass,0x00643A4C,0x00000000,0
radSoundBufferLoaderWin,0x00643A88,0x005F6B6C,1
UIRadNameSpace::?$radLinkedClass,0x00643AB0,0x00000000,0
IRadNameSpace,0x00643AE0,0x005F6B84,3
radFactoryNode,0x00643AFC,0x005F6B94,1
IRadObjectList,0x00643B1C,0x005F6B9C,1
IRadTypeInfoSystem,0x00643B3C,0x005F6BB0,3
IRadTypeInfoLoader,0x00643B60,0x005F6C64,3
radTypeInfoLoader,0x00643B84,0x005F6C74,1
IRadTypeInfoIntLiteral,0x00643BA4,0x005F6C9C,1
IRadTypeInfoParam,0x00643BCC,0x005F6CB0,1
radObjectListNode,0x00643BEC,0x005F6CC8,1
IRadTypeInfoEnum,0x00643C0C,0x005F6CD0,1
IRadTypeInfoMethod,0x00643C2C,0x005F6CE4,1
IRadTypeInfo,0x00643C50,0x005F6CF8,1
IRadScript,0x00643C6C,0x005F6D5C,1
radLoadInventory,0x00643C8C,0x00000000,0
radmusic::radload_radmusic_inventory,0x00643CAC,0x005F6DA4,4
radmusic::radmusic_file_loader,0x00643CE0,0x005F6DB8,4
radmusic::composition_data_loader,0x00643D0C,0x005F6DCC,4
radmusic::stream_graph_callback,0x00643F2C,0x005F7004,3
IRadMoviePlayer2,0x006440C8,0x005F70BC,16
VradMoviePlayerBink::?$radLinkedClass,0x006440E8,0x00000000,0
radMoviePlayerBink,0x00644120,0x005F7100,1
IRadMovieRenderStrategy,0x00644144,0x005F717C,7
radMovieRenderStrategyBink,0x0064416C,0x005F7154,1
BinkCallback,0x00644198,0x005F71D8,3
radMemoryAllocatorMalloc,0x006441BC,0x005F7308,10
IRadTimerList,0x00644214,0x005F7354,5
radTimerList,0x00644230,0x005F7334,1
IRadTimer,0x0064424C,0x00000000,0
radTimer,0x00644264,0x005F736C,12
IRadControllerOutputPoint,0x00644284,0x005F73B0,11
ControllerOutputPointDirectInput,0x006442AC,0x005F73E0,1
IRadControllerInputPoint,0x006442DC,0x00000000,0
IRadController,0x00644304,0x00000000,0
IRadControllerSystem,0x00644324,0x005F7434,11
IRadControllerInputPointDirectInput,0x00644348,0x005F746C,16
IRadControllerDirectInput,0x0064437C,0x005F74B4,20
radControllerInputPointDirectInput,0x006443A4,0x005F7508,1
radControllerDirectInput,0x006443D8,0x005F75CC,1
radControllerSystemDirectInput,0x00644400,0x005F7628,1
IRadDbgComChannelReceiveCallback,0x00644430,0x005F7668,3
IRadDbgComChannelSendCallback,0x00644460,0x005F7678,3
IRadPlatform,0x0064448C,0x00000000,0
radPlatform,0x006444A8,0x005F7688,6
StaticHeap,0x006444C4,0x005F7744,1
TrackingHeap,0x006444E0,0x005F77B0,1
radMemoryDlAllocator,0x006444FC,0x005F781C,1
IRadThreadLocalStorage,0x00644534,0x005F789C,4
radThreadLocalStorage,0x0064455C,0x005F78B0,1
IRadThreadFiber,0x00644580,0x005F78CC,5
radThreadFiber,0x006445A0,0x005F78E4,1
IRadThread,0x006445C0,0x005F7904,8
radThread,0x006445DC,0x005F7928,1
radObjectBTree,0x006445F8,0x005F7990,3
IRadMemorySpaceCopyRequest,0x00644628,0x00000000,0
MemorySpaceAsyncRequest_Copy,0x00644654,0x005F79A0,3
IRadString,0x00644710,0x005F79B4,24
radString,0x0064472C,0x005F7A18,1
IRadMemoryObject,0x00644744,0x00000000,0
ExternalMemoryHeap,0x00644764,0x005F7A88,1
ExternalMemoryObject,0x00644788,0x005F7AD4,1
IRadMemoryPool,0x006447AC,0x00000000,0
MemoryPool,0x006447CC,0x005F7AF0,13
IRadWeakInterfaceWrapper,0x006447F0,0x005F7B34,4
radWeakInterfaceWrapper,0x00644818,0x005F7B48,1
IRadWeakCallbackWrapper,0x00644840,0x005F7B64,6
radWeakCallbackWrapper,0x00644868,0x005F7B80,1
IRadThreadMutex,0x00644890,0x005F7BC0,4
radThreadMutex,0x006448B0,0x005F7BA4,1
IRadMutable,0x006448D0,0x005F7BD4,2
IRadFile,0x006448EC,0x00000000,0
radFile,0x00644904,0x005F7BE8,2
IRadDrive,0x0064491C,0x00000000,0
radInstanceDrive,0x00644934,0x005F7C94,2
radRequest,0x00644954,0x005F7D60,5
CompletionEventRequest,0x00644970,0x005F7D78,5
CompletionCallbackRequest,0x00644998,0x00000000,0
FileCompletionRequest,0x006449C0,0x005F7D90,6
DriveCompletionRequest,0x006449E4,0x005F7DAC,6
radFileRequest,0x00644A0C,0x005F7DC8,6
FileOpenRequest,0x00644A2C,0x005F7DE4,6
SaveGameOpenRequest,0x00644A4C,0x005F7E00,6
FileCloseRequest,0x00644A70,0x005F7E1C,6
FileCommitRequest,0x00644A90,0x005F7E38,6
FileReadRequest,0x00644AB0,0x005F7E54,6
FileWriteRequest,0x00644AD0,0x005F7E70,6
FileSetPositionRequest,0x00644AF0,0x005F7E8C,6
FileGetPositionRequest,0x00644B18,0x005F7EA8,6
FileGetSizeRequest,0x00644B40,0x005F7EC4,6
FileCancelRequest,0x00644B64,0x005F7EE0,6
radDriveRequest,0x00644B84,0x005F7EFC,5
DriveOpenRequest,0x00644BA4,0x005F7F14,5
DriveMediaRequest,0x00644BC4,0x005F7F2C,5
DriveFormatRequest,0x00644BE4,0x005F7F44,5
DriveCreateDirectoryRequest,0x00644C08,0x005F7F5C,5
DriveDestroyDirectoryRequest,0x00644C34,0x005F7F74,5
DriveFindFirstRequest,0x00644C60,0x005F7F8C,5
DriveFindNextRequest,0x00644C84,0x005F7FA4,5
DriveFindCloseRequest,0x00644CA8,0x005F7FBC,5
DriveFileDestroyRequest,0x00644CCC,0x005F7FD4,5
DriveCancelRequest,0x00644CF4,0x005F7FEC,5
radSafeRefCount,0x00644D18,0x005F8014,3
radDrive,0x00644D38,0x005F8024,3
IRadCementLibrary,0x00644D50,0x005F80D4,6
radCementLibrary,0x00644D70,0x005F8090,3
radWin32Drive,0x00644D90,0x005F8108,3
radRemoteDrive,0x00644DAC,0x005F8188,3
radDriveThread,0x00644DCC,0x005F8218,3
IRadThreadSemaphore,0x00644DEC,0x005F8258,4
radThreadSemaphore,0x00644E10,0x005F823C,1
PtrHashTable,0x00644E34,0x005F8280,5
ILoadManager,0x00644E50,0x00000000,0
radLoadManager,0x00644E6C,0x005F829C,20
radLoadRequest,0x00644E8C,0x005F83B8,4
radLoadUpdatableRequest,0x00644EAC,0x005F83CC,4
radLoadManager::QueueItem,0x00644ED4,0x005F82F0,4
VradLoadFileLoader::?$HashTable,0x00644EFC,0x00000000,0
VradLoadDataLoader::?$HashTable,0x00644F2C,0x00000000,0
PtrQueue,0x00644F5C,0x005F846C,5
VradLoadObject::?$Queue,0x00644F74,0x00000000,0
VradLoadCallback::?$Queue,0x00644F9C,0x00000000,0
VradLoadFileLoader::?$RefHashTable,0x00644FC8,0x005F8304,5
VradLoadDataLoader::?$RefHashTable,0x00644FFC,0x005F831C,5
VradLoadObject::?$RefQueue,0x00645030,0x005F8334,5
VradLoadCallback::?$RefQueue,0x0064505C,0x005F834C,5
UIRefCount::?$HashTable,0x00645088,0x00000000,0
radLoadStore,0x006450B0,0x00000000,0
radLoadHashedStore,0x006450CC,0x005F8368,13
UIRefCount::?$RefHashTable,0x006450F0,0x005F83A0,5
radLoadStream,0x0064511C,0x00000000,0
radLoadBaseStream,0x00645138,0x005F83E0,8
radLoadDataStream,0x00645158,0x005F8404,8
radLoadFileStream,0x00645178,0x005F8428,8
radLoadFileStream::Callback,0x00645198,0x005F844C,3
tPose,0x006451D4,0x005F84A0,3
tMultiControllerLoader,0x006451EC,0x005F84F8,10
tEntityTable,0x0064523C,0x005F85E0,13
tEntityStore,0x00645258,0x005F861C,15
tSafeCasterObj,0x00645274,0x005F865C,1
tInventory,0x00645294,0x005F874C,15
tShaderLoader,0x006452B0,0x005F87A8,10
pddiExtMemRegistration::CallBack,0x006452CC,0x00000000,0
RadcoreMemAdapt,0x006452FC,0x005F87E4,2
tView,0x00645320,0x005F87F4,3
tLight,0x00645334,0x005F880C,8
PAVtLight::?$tArray,0x0064534C,0x005F8830,2
tAmbientLight,0x00645370,0x005FAF8C,8
PAVtLight::?$tPtrArray,0x0064538C,0x005F884C,2
tLoadManager,0x006453B4,0x005F8884,3
tP3DFileHandler,0x006453D0,0x005F88F4,6
tLoadRequest::InternalCallback,0x006453F0,0x005F889C,4
tTempStore,0x0064541C,0x005F88B4,15
tRefCountedTemp,0x00645438,0x00000000,0
tLoadRequest,0x00645458,0x005F8910,3
tAnimationFrameController,0x00645474,0x005F9974,19
tBlendFrameController,0x0064549C,0x005F9B24,24
tPointCamera,0x006454C0,0x005F8994,27
tChunkFile,0x006454DC,0x005F8A34,8
tStateSequencerCommand,0x006454F8,0x005F8A60,2
tStateTransition,0x00645520,0x005F8A6C,2
tSequencerState,0x00645540,0x005F8A78,3
tEventOrigin,0x00645560,0x005F8A88,3
PAVtSequencerState::?$tArray,0x0064557C,0x005F8C14,2
tEventAnimTextLoader,0x006455A8,0x005F8C28,8
tEventOriginSequencer,0x006455CC,0x005F8C4C,3
tSequencerLoader,0x006455F0,0x005F8C6C,8
tSEQFileHandler,0x00645610,0x005F8D44,6
PAVtSequencerState::?$tPtrArray,0x00645630,0x005F8D60,2
VtSubPartState::?$tArray,0x00645660,0x005F8D6C,2
VtBlendFrameController::?$SafeCast,0x00645688,0x005F8D78,1
tSequencer,0x006456CC,0x005F8D80,3
tFile,0x006456E8,0x005F919C,14
tFileMem,0x006456FC,0x005F91D8,14
tTextureFontLoader,0x00645714,0x005F9270,10
tTextureLoader,0x00645738,0x005F92D4,10
tSetLoader,0x00645758,0x005F92B0,8
tCameraLoader,0x00645774,0x005F9304,10
tGameAttr,0x00645790,0x005F9334,3
tGameAttrLoader,0x006457A8,0x005F9374,10
tLightLoader,0x006457C8,0x005F93A4,10
tLightGroupLoader,0x006457E4,0x005F93D0,10
VtLight::?$SafeCast,0x00645804,0x005F93FC,1
tLocator,0x00645838,0x005F9408,3
tLocatorLoader,0x00645850,0x005F9418,10
tImage,0x00645870,0x005F9448,11
tImage8,0x00645888,0x005F947C,19
tImage32,0x006458A0,0x005F94CC,11
tImageLoader,0x006458B8,0x005F94FC,10
tImageFont,0x006458D4,0x005F952C,16
tImageFontLoader,0x006458F0,0x005F9570,10
tSpriteLoader,0x00645910,0x005F95C0,14
tSkeleton::VJoint::?$tArray,0x0064592C,0x005F9600,2
tSkeletonLoader,0x00645958,0x005F961C,10
tPosable,0x00645978,0x005F968C,1
PAVtPrimGroup::?$tArray,0x00645990,0x005F9694,2
tPolySkin,0x006459B8,0x005F96D4,1
tPolySkinLoader,0x006459D0,0x005F970C,11
PAVtPrimGroup::?$tPtrArray,0x006459F0,0x005F973C,2
tExpressionOffsets,0x00645A1C,0x005FB0E0,3
tCompositeDrawable::PAVDrawableElement::?$tArray,0x00645A40,0x005F9788,2
tCompositeDrawable::DrawablePropElement,0x00645A80,0x005F9794,11
tCompositeDrawable::DrawablePoseElement,0x00645AB8,0x005F97C4,10
tEffect,0x00645AF0,0x00000000,0
tCompositeDrawableLoader,0x00645B08,0x005F9820,10
tCompositeDrawable::PAVDrawableElement::?$tPtrArray,0x00645B30,0x00000000,0
VtEffect::?$SafeCast,0x00645B74,0x005F9854,1
tCompositeDrawable::PAVDrawableElement::?$tPtrDynamicArray,0x00645BB0,0x005F9898,2
tOffsetIndexList,0x00645BFC,0x005F98A8,3
tVectorOffsetList,0x00645C1C,0x005F98B8,3
tVector2OffsetList,0x00645C3C,0x005F98C8,3
tVertexAnimKey,0x00645C60,0x005F98D8,3
tColourOffsetList,0x00645C80,0x005F98E8,3
tVertexAnimKeyLoader,0x00645CA0,0x005F98F8,10
tSimpleFrameController,0x00645CC4,0x005F99C4,20
tAnimationMemoryBlock,0x00645CEC,0x005F9A64,3
tAnimationGroup,0x00645D10,0x005F9A74,2
tFrameControllerLoader,0x00645D30,0x005F9A90,12
tAnimationLoader,0x00645D58,0x005F9AC4,10
VtAnimatedObject::?$SafeCast,0x00645D78,0x005F9AF0,1
tAnimatedObject,0x00645DB8,0x005F9BF8,7
VtExpressionMixer::?$SafeCast,0x00645DD8,0x005F9B00,1
tExpressionMixer,0x00645E18,0x005FA028,10
VtGeometry::?$SafeCast,0x00645E38,0x005F9B18,1
Scenegraph::Node,0x00645E70,0x005F9D80,13
Scenegraph::Transform,0x00645E90,0x005F9EFC,16
tAnimatedObjectAnimation,0x00645EB4,0x005F9BE8,3
tAnimatedObjectFrameController,0x00645EDC,0x005F9C1C,16
tAnimatedObjectFactoryLoader,0x00645F0C,0x005F9C60,10
tAnimatedObjectLoader,0x00645F38,0x005F9C8C,10
tCompDrawVisibilityAnimationController,0x00645F5C,0x005FB2CC,23
tParticleSystemFactoryLoader,0x00645FA4,0x005F9CC4,10
tParticleSystemLoader,0x00645FD0,0x005F9CF0,10
VtParticleSystemFactory::?$SafeCast,0x00645FF8,0x005F9D1C,1
tParticleSystemFactory,0x0064603C,0x005FA590,4
tLensFlareGroupLoader,0x00646074,0x005F9D28,10
Scenegraph::SceneGraphVisitor,0x00646098,0x00000000,0
Scenegraph::ShaderVisitor,0x006460C4,0x005F9D78,1
Scenegraph::Drawable,0x006460EC,0x005F9E38,13
Scenegraph::LightGroup,0x00646110,0x005F9EA8,13
Scenegraph::Branch,0x00646134,0x005F9DBC,16
Scenegraph::Leaf,0x00646154,0x005F9E00,13
Scenegraph::Camera,0x00646174,0x005F9E70,13
Scenegraph::DrawableCounter,0x00646194,0x00000000,0
Scenegraph::Attachment,0x006461C0,0x005F9F44,16
Scenegraph::Visibility,0x006461E4,0x005F9F8C,16
Scenegraph::Loader,0x00646208,0x005F9FD0,10
Scenegraph::TranslucentDrawableCounter,0x00646228,0x005F9FFC,1
tExpression,0x0064625C,0x005FA018,3
tExpressionGroupLoader::tExpressionStore,0x00646278,0x005FA054,15
PAVtExpression::?$tArray,0x006462B0,0x005FA094,2
W4p3dExpressionStage::?$tArray,0x006462D8,0x005FA0A0,2
tExpressionLoader,0x00646308,0x005FA0AC,10
tExpressionGroup,0x00646328,0x005FA0D8,3
tExpressionGroupLoader,0x00646348,0x005FA0E8,10
tExpressionMixerLoader,0x00646370,0x005FA114,10
PAVtExpression::?$tPtrArray,0x00646398,0x005FA140,2
VtExpressionGroup::?$SafeCast,0x006463C4,0x005FA14C,1
tImageHandler::Builder,0x00646404,0x00000000,0
TextureBuilder,0x00646428,0x005FA1C8,11
ImageBuilder,0x00646448,0x005FA2D8,11
tRawImageHandler,0x00646464,0x005FA42C,16
tDXTNHandler,0x00646484,0x005FA474,16
tEffectFactory,0x006464A0,0x00000000,0
tBaseEmitter,0x006464C0,0x005FA730,13
tSpriteEmitter,0x006464DC,0x005FA784,13
tParticleSystem,0x006464FC,0x005FA5A4,22
tBillboardQuad,0x0064652C,0x005FA604,6
PAVtBillboardQuad::?$tArray,0x0064654C,0x005FA620,2
PAVtBillboardQuad::?$tPtrArray,0x00646578,0x005FA658,2
tBaseEmitterFactory,0x006465BC,0x005FA714,6
tSpriteEmitterFactory,0x006465E0,0x005FA768,6
tBaseParticle,0x00646628,0x005FA840,3
tSpriteParticle,0x00646644,0x005FA854,3
tParticlePool,0x00646664,0x005FA864,3
tFileFTT,0x00646684,0x005FA878,3
p3d::MemoryRouter,0x006466B8,0x00000000,0
p3d::DefaultRouter,0x006466D8,0x005FA974,2
pddiDevice::MessageCallback,0x006466F8,0x00000000,0
AdaptPDDI,0x00646724,0x005FA988,3
tEventController,0x0064673C,0x005FAA8C,20
tEvent,0x0064675C,0x00000000,0
tBaseEvent,0x00646774,0x005FABD4,6
tGenericEvent,0x00646790,0x005FABF0,6
tImageConverter,0x006467AC,0x005FAE68,9
tSpotLight,0x006467CC,0x005FAF14,8
tDirectionalLight,0x006467E8,0x005FAF3C,8
tPointLight,0x00646808,0x005FAF64,8
tPrimGroupLoader,0x00646824,0x005FAFB8,4
tPrimGroup,0x00646844,0x005FAFCC,8
tPrimGroupOptimised,0x00646860,0x005FAFF0,8
tPrimGroupSkinnedOptimised,0x00646884,0x005FB014,8
tPrimGroupStreamed,0x006468B0,0x005FB038,8
tPrimGroupSkinnedStreamed,0x006468D4,0x005FB05C,8
tPrimGroupSkinnedPC,0x006468FC,0x005FB080,8
tInstancedGeometry,0x00646920,0x005FB0F4,8
tNonCopyable,0x00646944,0x00000000,0
tChannel,0x00646960,0x005FB120,2
tIntChannel,0x00646978,0x005FB130,3
tFloat1Channel,0x00646994,0x005FB140,3
tFloat2Channel,0x006469B4,0x005FB150,3
tStringChannel,0x006469D4,0x005FB160,2
tEntityChannel,0x006469F4,0x005FB16C,2
tBoolChannel,0x00646A14,0x005FB178,3
tColourChannel,0x00646A30,0x005FB188,3
tEventChannel,0x00646A50,0x005FB198,2
tVectorChannel,0x00646A6C,0x00000000,0
tRotationChannel,0x00646A8C,0x00000000,0
tVector1DOFChannel,0x00646AAC,0x005FB1A4,3
tVector2DOFChannel,0x00646AD0,0x005FB1B4,3
tVector3DOFChannel,0x00646AF4,0x005FB1C4,3
tQuaternionChannel,0x00646B18,0x005FB1D4,5
tCompressedQuaternionChannel,0x00646B3C,0x005FB1EC,5
tSimpleVisibilityAnimationController,0x00646B68,0x005FB20C,23
tSceneGraphVisibilityAnimationController,0x00646B9C,0x005FB26C,23
tShaderAnimationController,0x00646BD4,0x005FB334,24
tVertexAnimController,0x00646C00,0x005FB39C,20
tGeometryOffset,0x00646C24,0x005FB3F4,3
tVertexOffsetList,0x00646C44,0x005FB404,3
tVertexAnimObject,0x00646C64,0x005FB414,7
Scenegraph::TransformAnimationController,0x00646C84,0x005FB43C,24
tLightAnimationController,0x00646CBC,0x005FB4A4,24
tTextureAnimationController,0x00646CE4,0x005FB554,20
tBillboardQuadGroupAnimationController,0x00646D10,0x005FB5AC,20
tExpressionAnimationController,0x00646D48,0x005FB604,26
tBaseGeneratorFactory,0x00646D78,0x005FB690,4
tBaseGenerator,0x00646D9C,0x005FB6A4,7
tPointGeneratorFactory,0x00646DBC,0x005FB6C4,4
tPlaneGeneratorFactory,0x00646DE4,0x005FB6D8,4
tSphereGeneratorFactory,0x00646E0C,0x005FB6EC,4
tPointGenerator,0x00646E34,0x005FB700,7
tPlaneGenerator,0x00646E54,0x005FB720,7
tSphereGenerator,0x00646E74,0x005FB740,7
tLensFlare,0x00646EA4,0x005FB764,4
PAVtLensFlare::?$tArray,0x00646EC0,0x005FB778,2
tOpticEffect,0x00646EE8,0x005FBB60,8
tLensFlareGroup,0x00646F04,0x005FB784,8
PAVtLensFlare::?$tPtrArray,0x00646F24,0x005FB7A8,2
tVertexOffsetExpressionMixer,0x00646F50,0x005FB7BC,12
tParticleArray,0x006473E0,0x005FBB34,3
tVertexList,0x00647410,0x005FBB4C,3
poser::Pose,0x006485BC,0x005FCEBC,3
poser::PoseEngine,0x006485D8,0x005FCEFC,3
choreo::RootBlender,0x006485F8,0x005FCF10,8
choreo::RootFixupDriver,0x0064861C,0x005FCF34,8
choreo::Puppet,0x00648668,0x005FCFA4,3
choreo::PuppetDriver,0x00648684,0x00000000,0
choreo::AnimationDriver,0x006486A8,0x005FD694,9
choreo::LocomotionDriver,0x006486D0,0x005FD1B0,9
choreo::BlendSlot,0x00648740,0x005FD14C,19
choreo::LocomotionSlot,0x00648760,0x005FD0BC,19
choreo::PuppetDriverFactory,0x00648784,0x00000000,0
choreo::RootBlendDriver,0x006487B0,0x00000000,0
choreo::LocomotionRootDriver,0x006487D8,0x005FD10C,14
choreo::Driver,0x00648804,0x00000000,0
choreo::VTransition::?$SafeCast,0x00648820,0x005FD1D8,1
choreo::Transition,0x00648860,0x005FE57C,4
choreo::VPartition::?$SafeCast,0x00648880,0x005FD1E0,1
choreo::Partition,0x006488C0,0x005FE6D8,6
choreo::AnimationFrame,0x00648954,0x005FD5AC,3
choreo::AnimationRootDriver,0x00648978,0x005FD5BC,14
choreo::JointBlendDriver,0x006489A4,0x00000000,0
choreo::AnimationJointDriver,0x006489CC,0x005FD5FC,19
choreo::FootBlendDriver,0x006489F8,0x00000000,0
choreo::AnimationFootDriver,0x00648A20,0x005FD64C,17
choreo::RootController,0x00648A4C,0x00000000,0
choreo::RootTransformController,0x00648A70,0x005FD73C,16
choreo::RootDriverInternal,0x00648AA0,0x005FD780,14
choreo::RootDriver,0x00648AC8,0x005FD7BC,9
choreo::BaseBank,0x00648AE8,0x00000000,0
choreo::MultiBank,0x00648B08,0x005FD7E8,7
choreo::P3DEntityStoreWrapperBank,0x00648B28,0x005FD808,7
choreo::BaseBank::RawIterator,0x00648B58,0x00000000,0
choreo::Engine,0x00648B8C,0x005FD868,3
choreo::ScriptReader,0x00648BAC,0x005FD880,3
choreo::FileReader,0x00648BD0,0x00000000,0
choreo::StringFileReader,0x00648BF0,0x005FDDE0,8
choreo::BlendSlotFootInfo,0x00648C18,0x005FDE08,3
choreo::BlendJointDriver,0x00648C40,0x005FDE1C,19
choreo::BlendFootDriver,0x00648C68,0x005FDE6C,17
choreo::Blend,0x00648C90,0x005FDEB4,4
choreo::BlendPhase,0x00648CAC,0x005FDEC8,3
choreo::BlendDriver,0x00648CCC,0x005FDED8,9
choreo::RigLeg,0x00648D28,0x005FE1FC,3
choreo::Rig,0x00648D44,0x005FE20C,3
choreo::FootBlender,0x00648DB8,0x005FE594,8
choreo::JointBlender,0x00648DDC,0x005FE5BC,8
choreo::VRig::?$SafeCast,0x00648E0C,0x005FE604,1
choreo::Bank::RawIterator,0x00648E44,0x005FE60C,7
choreo::InclusivePartition,0x00648EB0,0x005FE6F4,6
choreo::ExclusivePartition,0x00648ED8,0x005FE710,6
choreo::UnionPartition,0x00648F00,0x005FE72C,6
choreo::IntersectPartition,0x00648F24,0x005FE748,6
choreo::CompletePartition,0x00648F4C,0x005FE764,6
choreo::ReplayBlender,0x00648F74,0x005FEA00,8
choreo::Replay,0x00648FBC,0x005FEA54,4
choreo::ReplayBuffer,0x00648FD8,0x005FEA68,3
choreo::ReplayBlendDriver,0x00648FFC,0x00000000,0
choreo::ReplayDriverInternal,0x00649024,0x005FEA78,14
choreo::ReplayDriver,0x00649050,0x005FEAB4,9
type_info,0x00649074,0x005FEBB4,1
__non_rtti_object,0x00649090,0x005FECC8,2
bad_typeid,0x006490B0,0x005FECBC,2
bad_cast,0x006490CC,0x005FECB0,2
IRadSoundMemorySpaceObject,0x0064A320,0x0060434C,8
radSoundMemorySpaceObject,0x0064A34C,0x00604370,1
IRadSoundDataCache,0x0064A374,0x006043B8,6
radSoundDataCache,0x0064A398,0x006043D4,2
radSoundDataCacheDataSource,0x0064A3B8,0x0060440C,1
IRadSoundMemoryDataSource,0x0064A3E4,0x006044B4,9
radSoundMemoryDataSource,0x0064A40C,0x00604480,2
SuperSprintDrawable,0x0064A434,0x0060686C,7
SuperSprintManager,0x0064A458,0x0060688C,1
GameplayManager,0x00655880,0x00612D00,3
PresentationEvent::PresentationEventCallBack,0x006558A0,0x00614A40,3
Mappable,0x006558DC,0x00614400,9
tEntity,0x006558F4,0x005F8488,3
tDrawable,0x0065590C,0x005F8A0C,7
LoadingManager::ProcessRequestsCallback,0x00655924,0x0061746C,1
EventListener,0x0065595C,0x0061465C,2
IRefCount,0x00655978,0x005F5C0C,2
radLoadObject,0x00655990,0x005F826C,3
tRefCounted,0x006559AC,0x00000000,0
ZoneEventLocator,0x006559C8,0x00606DD0,2
EventLocator,0x006559E8,0x0060713C,2
TriggerLocator,0x00655A04,0x00606E90,2
Locator,0x00655A24,0x006070A4,2
IHudMapIconLocator,0x00655A3C,0x00615E60,2
TriggerVolumeTracker,0x00655A60,0x00606E04,2
radLoadInventory::SafeCastBase,0x00655A84,0x00000000,0
TriggerVolume,0x00655AB0,0x00606E10,1
tDrawable::ShaderCallback,0x00655ACC,0x0060CDB0,1
IEntityDSG,0x00655AF4,0x0060CDB8,1
StaticCamLocator,0x00655B10,0x00606EC4,2
SplineLocator,0x00655B30,0x00606F0C,2
SphereTriggerVolume,0x00655B4C,0x00606F40,1
ScriptLocator,0x00655B70,0x00606FC0,2
RectTriggerVolume,0x00655B8C,0x00606FF4,1
OcclusionLocator,0x00655BAC,0x00607070,2
InteriorEntranceLocator,0x00655BCC,0x006070D4,2
FOVLocator,0x00655BF4,0x00607108,2
DirectionalLocator,0x00655C10,0x00607170,2
CarStartLocator,0x00655C34,0x006071A0,2
ActionEventLocator,0x00655C54,0x006071D0,2
VtAnimatedObjectFactory::?$SafeCast,0x00655C78,0x005F9CB8,1
CStatePropDataLoader,0x00655CBC,0x00607214,10
tAnimatedObjectFactory,0x00655CE0,0x005F9BD8,3
radLoadDataLoader,0x00655D08,0x00000000,0
tChunkHandler,0x00655D28,0x005F354C,8
tSimpleChunkHandler,0x00655D44,0x00000000,0
CStatePropData,0x00655D68,0x00607204,3
CStateProp,0x00655D88,0x00607240,3
PathSegment,0x00655DA4,0x00607250,1
PathManager,0x00655DC0,0x006072A8,1
CheatsDB,0x00655DDC,0x006072B0,1
CheatInputSystem,0x00655DF4,0x006073BC,1
CheatInputHandler,0x00655E14,0x0060747C,9
MemoryCardManager,0x00655E34,0x00607514,1
IRadDriveCompletionCallback,0x00655E54,0x0060D054,3
IRadDriveErrorCallback,0x00655E80,0x00613248,1
SaveGameInfo,0x00655EA8,0x00607580,4
GameDataHandler,0x00655EC4,0x00614E68,3
GameDataManager,0x00655EE4,0x00607618,1
IRadFileCompletionCallback,0x00655F04,0x005F5DCC,3
Skidmark,0x00655F30,0x00607730,1
StaticEntityDSG,0x00655F48,0x0060C910,1
ParkedCarManager,0x00655F68,0x006077CC,1
CoinManager,0x00655F88,0x006077E0,1
ICheatEnteredCallback,0x00655FA4,0x00614BA0,1
ChaseManager,0x00655FC8,0x006077FC,2
SpawnManager,0x00655FE4,0x0060785C,18
PedestrianManager,0x00656000,0x006078A8,2
Pedestrian,0x00656024,0x006078CC,21
NPCController,0x00656040,0x00607DAC,21
CharacterController,0x0065605C,0x00607E04,10
TrafficManager,0x00656080,0x00607928,2
ITrafficSpawnController,0x006560A0,0x00000000,0
TrafficVehicle,0x006560C8,0x00607948,1
CharacterTarget,0x006560E8,0x006079F0,2
ISuperCamTarget,0x00656108,0x0060829C,14
InCarCharacterMappable,0x0065612C,0x00607A58,10
BipedCharacterMappable,0x00656154,0x00607A84,10
CharacterMappable,0x0065617C,0x00607AB0,10
CharacterManager,0x0065619C,0x00607ADC,1
VtSkeleton::?$SafeCast,0x006561BC,0x005F9748,1
VtDrawablePose::?$SafeCast,0x006561F4,0x005F984C,1
choreo::VBank::?$SafeCast,0x00656230,0x005FCFC4,1
choreo::Bank,0x0065626C,0x005FE5E4,7
tSkeleton,0x00656288,0x005F960C,3
CameraRelativeCharacterController,0x006562C0,0x00607D44,10
CameraRelativeCharacterControllerEventHandler,0x006562F0,0x00607D70,2
PhysicalController,0x0065632C,0x00607D7C,10
AmbientDialogueButton,0x00656358,0x00607E34,18
AmbientDialogueTrigger,0x0065637C,0x00607F68,1
Character,0x006563A4,0x00607E80,1
NPCharacter,0x006563BC,0x00607FE8,1
CollisionEntityDSG,0x00656400,0x0060C404,1
StaticPhysDSG,0x00656424,0x0060C890,1
DynaPhysDSG,0x00656440,0x0060CE90,1
ActionButton::ButtonHandler,0x0065645C,0x006179C4,18
Behaviour,0x00656488,0x00615A60,8
VehicleMappable,0x006564A0,0x00608100,9
VehicleController,0x006564C0,0x00608184,15
HumanVehicleController,0x006564E0,0x006081C4,2
AiVehicleController,0x00656508,0x00608214,15
sim::PhysicsJointInertialEffector,0x0065652C,0x00608254,8
sim::PhysicsJointMatrixModifier,0x0065655C,0x00608278,8
poser::PoseDriver,0x0065658C,0x005FCED4,8
Vehicle,0x006565AC,0x006082D8,2
VehicleEventListener,0x006565C4,0x0060846C,2
TrafficLocomotion,0x006565EC,0x00608478,8
VehicleLocomotion,0x0065660C,0x00608534,8
TrafficBodyDrawable,0x0065662C,0x0060849C,7
SuspensionJointDriver,0x00656650,0x006084BC,8
WorldCollisionSolverAgent,0x00656674,0x00000000,0
RedBrickCollisionSolverAgent,0x0065669C,0x006084E0,11
sim::CollisionSolverAgent,0x006566C8,0x005F3878,10
PhysicsLocomotion,0x006566F0,0x00608510,8
tShaderVectorBroadcast,0x00656714,0x00608558,1
tShaderColourBroadcast,0x0065673C,0x00608560,1
tShaderIntBroadcast,0x00656764,0x00608568,1
VtPoseAnimationController::?$SafeCast,0x00656788,0x00608570,1
VtEffectController::?$SafeCast,0x006567D0,0x00608578,1
VtShader::?$SafeCast,0x00656810,0x005F5BE0,1
tEffectController,0x00656848,0x005FB50C,16
tShader,0x00656868,0x005F8790,3
tPoseAnimationController,0x00656880,0x005FA7C4,24
sim::CollisionVolume,0x006568A8,0x005F3420,10
sim::OBBoxVolume,0x006568CC,0x005F34B8,10
WorldCollisionSolverAgentManager,0x006568EC,0x0060895C,10
VehicleCentral,0x0065691C,0x00608988,1
VtBillboardQuadGroup::?$SafeCast,0x00656940,0x005F9B10,1
HitnRunManager,0x00656984,0x00608D3C,2
AvatarManager,0x006569A4,0x00608D80,2
Avatar,0x006569C0,0x00608D8C,1
WaspSoundPlayer,0x006569D8,0x00608D94,2
ActorPlayer,0x006569F8,0x00608F54,2
SimpsonsSoundPlayerCallback,0x00656A14,0x0060A53C,2
PositionCarrier,0x00656A40,0x0060B654,3
VehiclePositionalSoundPlayer,0x00656A60,0x00608E34,6
TrafficSoundPlayer,0x00656A8C,0x00608E50,1
IRadTimerCallback,0x00656AB0,0x005F7464,1
PlatformSoundPlayer,0x00656AD0,0x00608E84,3
MovingSoundManager,0x00656AF4,0x00608E94,2
AvatarVehiclePosnPlayer,0x00656B18,0x00608EF4,2
AnimObjSoundPlayer,0x00656B40,0x00608F28,3
AIVehicleSoundPlayer,0x00656B64,0x00608F38,6
SoundDebugDisplay,0x00656B88,0x00608F7C,1
NISSoundPlayer,0x00656BA8,0x00608F84,2
NISPlayerGroup,0x00656BC8,0x00608F90,3
SelectableDialog,0x00656BE8,0x00608FA0,14
PlayableDialog,0x00656C08,0x00608FDC,14
DialogSelectionGroup,0x00656C28,0x00609018,14
DialogQueueElement,0x00656C4C,0x00609054,1
radBaseObject,0x00656C70,0x005F5BEC,1
radObject,0x00656C8C,0x005F5BF4,1
radRefCount,0x00656CA4,0x005F5BFC,1
DialogCompleteCallback,0x00656CC0,0x00609078,1
DialogLineCompleteCallback,0x00656CE8,0x00000000,0
DialogPriorityQueue,0x00656D14,0x00609080,1
DialogList,0x00656D38,0x006090AC,1
DialogLine,0x00656D54,0x0060949C,14
DialogCoordinator,0x00656D70,0x00609880,2
ConversationMatcher,0x00656D90,0x00609940,1
Conversation,0x00656DB4,0x00609948,14
VglobalSettings::?$radLinkedClass,0x00656DD0,0x00000000,0
IGlobalSettings,0x00656E04,0x00609984,62
globalSettings,0x00656E24,0x00609A80,1
Win32ReverbController,0x00656E44,0x00609B88,6
ReverbController,0x00656E68,0x0060A070,6
SoundFXPauseLogic,0x00656E88,0x00609BA4,2
SoundFXLogic,0x00656EA8,0x00609BC8,2
SoundFXGameplayLogic,0x00656EC4,0x00609C78,2
SoundFXFrontEndLogic,0x00656EE8,0x00609EE8,2
SoundEffectPlayer,0x00656F0C,0x00609F48,1
VreverbSettings::?$radLinkedClass,0x00656F2C,0x00000000,0
reverbSettings,0x00656F60,0x00609F88,1
IReverbSettings,0x00656F80,0x0060A004,26
VpositionalSoundSettings::?$radLinkedClass,0x00656FA0,0x00000000,0
positionalSoundSettings,0x00656FDC,0x0060A130,1
IPositionalSoundSettings,0x00657004,0x0060A154,6
MusicPlayer,0x0065702C,0x0060A170,2
radmusic::Uradload_composition_adapter::?$SafeCast,0x00657048,0x0060A17C,1
radmusic::radload_composition_adapter,0x0065709C,0x005F6D8C,3
VehicleSoundPlayer,0x006570D0,0x0060A560,3
DownshiftEngineState,0x006570F4,0x0060A570,5
UpshiftEngineState,0x00657118,0x0060A588,5
NormalEngineState,0x0065713C,0x0060A5A0,5
SkidEngineState,0x0065715C,0x0060A5B8,5
IdleEngineState,0x0065717C,0x0060A5D0,5
ReverseEngineState,0x0065719C,0x0060A5E8,5
EngineState,0x006571C0,0x0060A548,5
InAirEngineState,0x006571DC,0x0060A600,5
SoundAvatar,0x006571FC,0x0060A634,2
VcarSoundParameters::?$radLinkedClass,0x00657218,0x00000000,0
ICarSoundParameters,0x00657250,0x0060A644,36
carSoundParameters,0x00657274,0x0060A6D8,1
AvatarSoundPlayer,0x00657298,0x0060A778,1
Sound::daSoundTuner_ActiveFadeInfo,0x006572B8,0x0060A830,1
Sound::IDaSoundWiring,0x006572E8,0x00000000,0
Sound::IDaSoundTuner,0x0065730C,0x00000000,0
Sound::daSoundTuner,0x00657330,0x0060A838,1
Sound::daSoundResourceManager,0x00657354,0x0060A8C8,1
daSoundResourceData,0x00657380,0x0060A8DC,23
IDaSoundResourceData,0x006573A4,0x00000000,0
IDaSoundResource,0x006573C8,0x00000000,0
Sound::daSoundRenderingManager,0x006573E8,0x0060A944,3
Sound::daSoundDynaLoadManager,0x00657414,0x0060B194,4
Sound::VdaSoundDynaLoadRegion::?$radLinkedClass,0x00657440,0x00000000,0
Sound::daSoundDynaLoadRegion,0x00657480,0x0060B1A8,3
Sound::daSoundAllocatedResource,0x006574AC,0x0060B1D4,2
Sound::IDaSoundFadeState,0x006574DC,0x00000000,0
Sound::daSoundPlayerManager,0x00657504,0x0060B1E0,1
Sound::MusicSoundPlayer,0x00657530,0x0060B204,1
Sound::VdaSoundPlayerBase::?$radLinkedClass,0x00657558,0x00000000,0
Sound::daSoundPlayerBase,0x00657594,0x0060B250,1
Fader,0x006575BC,0x0060B240,3
Sound::daSoundClipStreamPlayer,0x006575D0,0x0060B28C,1
IRadSoundStitchCallback,0x006575FC,0x005F6FAC,1
VSoundRenderingPlayerCallback::?$radLinkedClass,0x00657624,0x00000000,0
Sound::IDaSoundPlayerState,0x00657664,0x0060B2D0,4
SoundRenderingPlayerCallback,0x0065768C,0x0060B2E4,1
SoundManager,0x006576B8,0x0060B300,3
GameConfigHandler,0x006576D4,0x00614210,5
SoundLoader,0x006576F4,0x0060B45C,2
Sound::IDaSoundDynaLoadCompletionCallback,0x00657710,0x00000000,0
SoundCluster,0x00657748,0x0060B614,1
SimpsonsSoundPlayer,0x00657764,0x0060B62C,4
PositionalSoundPlayer,0x00657788,0x0060B640,4
Listener,0x006577AC,0x0060B664,1
RoadSegment,0x006577C4,0x0060B678,1
RoadManager,0x006577E0,0x0060B6D0,1
ILaneControl,0x006577FC,0x0060B6D8,2
ILaneInformation,0x00657818,0x00000000,0
Lane,0x00657838,0x0060B6E4,2
NWayStop,0x0065784C,0x0060B700,2
TrafficLight,0x00657864,0x0060B70C,2
TrafficControl,0x00657880,0x0060B718,2
VAnimEntityDSG::?$SafeCast,0x006578A0,0x0060B724,1
AnimEntityDSGManager,0x006578DC,0x0060B72C,2
BreakablesManager,0x00657900,0x0060B758,2
ParticleSystemDSG,0x00657920,0x0060B784,1
InstStatEntityDSG,0x00657940,0x0060CBE8,1
ParticleManager::PAVManagedParticleSystem::V?$tPtrDynamicArray::?$tArray,0x00657960,0x0060B7E8,2
ParticleManager::PAVManagedParticleSystem::V?$tPtrDynamicArray::?$tPtrArray,0x006579B8,0x00000000,0
ParticleManager::PAVManagedParticleSystem::V?$tPtrDynamicArray::?$tPtrDynamicArray,0x00657A18,0x0060B7F4,2
ParticleManager::PAVManagedParticleSystem::?$tPtrArray,0x00657A80,0x00000000,0
ParticleManager::PAVManagedParticleSystem::?$tPtrDynamicArray,0x00657AC8,0x0060B800,2
ParticleManager::PAVManagedParticleSystem::?$tArray,0x00657B18,0x006177C0,2
InstParticleSystemLoader,0x00657B5C,0x0060B820,3
IWrappedLoader,0x00657B84,0x006139EC,3
BreakableObjectLoader,0x00657BA4,0x0060B85C,3
WorldSphereLoader,0x00657BC8,0x0060B898,3
TreeDSGLoader,0x00657BE8,0x0060B8D4,3
StaticPhysLoader,0x00657C04,0x0060B910,3
StaticEntityLoader,0x00657C24,0x0060BA30,3
LensFlareLoader,0x00657C48,0x0060BA6C,3
tBillboardQuadGroup,0x00657C68,0x005FA664,7
IntersectLoader,0x00657C8C,0x0060BAB8,3
InstStatPhysLoader,0x00657CAC,0x0060BAF4,3
InstStatEntityLoader,0x00657CD0,0x0060BB30,3
GeometryWrappedLoader,0x00657CF4,0x0060BB6C,3
tGeometryLoader,0x00657D18,0x005FA944,11
FenceLoader,0x00657D38,0x0060BBAC,3
DynaPhysLoader,0x00657D54,0x0060BBF4,3
tBillboardQuadGroupLoader,0x00657D74,0x005FA62C,10
BillboardWrappedLoader,0x00657D9C,0x0060BC44,3
AnimDynaPhysLoader,0x00657DC4,0x0060BC80,3
AnimObjDSGWrapperLoader,0x00657DE8,0x0060BCBC,3
AnimDynaPhysWrapperLoader,0x00657E10,0x0060BCF8,3
AnimDSGLoader,0x00657E38,0x0060BDBC,3
AnimCollLoader,0x00657E54,0x0060BE08,3
WorldRenderLayer,0x00657E74,0x0060BE44,29
RenderLayer,0x00657E94,0x0060C304,29
ChunkListenerCallback,0x00657EB0,0x00000000,0
RenderManager,0x00657ED4,0x0060BFC0,2
FrontEndRenderLayer,0x00657EF0,0x0060C37C,29
CollisionAttributes,0x00657F14,0x0060C3F4,3
BreakableObjectDSG,0x00657F38,0x0060C664,1
AnimEntityDSG,0x00657F5C,0x0060C6C4,1
AnimCollisionEntityDSG,0x00657F78,0x0060C768,1
WorldSphereDSG,0x00657FA0,0x0060C83C,1
sim::VPhysicsObject::?$SafeCast,0x00657FC0,0x005F3370,1
RootMatrixDriver,0x00658000,0x0060CA30,8
sim::ArticulatedPhysicsObject,0x00658020,0x005F3B64,39
sim::PhysicsObject,0x0065804C,0x005F378C,39
CStatePropListener,0x0065806C,0x006177CC,1
StatePropDSG,0x00658090,0x0060C968,1
LensFlareDSG,0x006580AC,0x0060CA64,1
tGeometry,0x006580C8,0x005FA8F4,19
IntersectDSG,0x006580E0,0x0060CAB8,1
InstStatPhysDSG,0x006580FC,0x0060CB6C,1
InstDynaPhysDSG,0x0065811C,0x0060CC4C,1
AnimDynaPhysWrapper,0x0065813C,0x0060CCF0,3
InstAnimDynaPhysDSG,0x00658160,0x0060CD00,1
FenceEntityDSG,0x00658184,0x0060CE2C,1
SpatialTree,0x006581A4,0x0060CF34,3
WorldScene,0x006581C0,0x0060CF44,2
SphereSP,0x006581DC,0x0060CF50,11
ISpatialProxyAA,0x006581F4,0x00616C68,10
BoxPts,0x00658214,0x00616C94,11
RenderFlow,0x0065822C,0x0060CF80,2
FMVUserInputHandler,0x00658248,0x0060CF8C,9
IRadMovieRenderLoop,0x0065826C,0x0060CFE0,3
FMVPlayer,0x00658290,0x0060CFF0,1
AnimationPlayer,0x006582A8,0x00611120,10
CGuiScreenMiniSummary,0x006582C8,0x0060D064,9
CGuiScreen,0x006582EC,0x00610A74,8
CGuiEntity,0x00658308,0x00610C84,2
CGuiWindow,0x00658324,0x00610594,8
CGuiScreenMiniPause,0x00658340,0x0060D160,8
CGuiScreenMiniMenu,0x00658364,0x0060D18C,8
CGuiScreenMiniHud,0x00658388,0x0060D30C,8
CGuiScreenMiniControllerSelect,0x006583A8,0x0060D330,8
CGuiManagerMiniGame,0x006583D8,0x0060D3BC,2
Scrooby::GotoScreenCallback,0x006583FC,0x00610C40,1
CGuiManager,0x00658428,0x00610C48,2
CGuiScreenLicense,0x00658444,0x0060D4CC,8
CGuiScreenLanguage,0x00658464,0x0060D500,8
CGuiManagerLanguage,0x00658488,0x0060D530,2
CGuiManagerBootUp,0x006584AC,0x0060D6A0,2
GuiSFX::ResumeGame,0x006584CC,0x0060D6D0,11
GuiSFX::InputStateChange,0x006584EC,0x0060D700,11
GuiSFX::UnderdampedTranslator,0x00658514,0x0060D730,11
GuiSFX::Hide,0x00658540,0x0060D760,11
GuiSFX::PauseInFrames,0x0065855C,0x0060D790,11
GuiSFX::GotoScreen,0x00658580,0x0060D7C0,11
GuiSFX::Pause,0x006585A0,0x0060D7F0,11
GuiSFX::Translator,0x006585BC,0x0060D820,11
GuiSFX::Dummy,0x006585DC,0x0060D850,11
GuiSFX::Show,0x006585F8,0x0060D880,11
GuiSFX::HasMulticontroller,0x00658614,0x00000000,0
GuiSFX::IrisWipeOpen,0x0065863C,0x0060D8D0,11
GuiSFX::HasTimeInterval,0x00658660,0x00000000,0
GuiSFX::ColorChange,0x00658688,0x0060D930,11
GuiSFX::SwitchContext,0x006586AC,0x0060D990,11
GuiSFX::PulseScale,0x006586D0,0x0060DA20,7
GuiSFX::RecieveEvent,0x006586F0,0x0060DA40,2
Scrooby::HasBoundingBox,0x00658714,0x005F4804,24
Scrooby::Drawable,0x0065873C,0x005F4074,24
GuiSFX::SendEvent,0x0065875C,0x0060D9F0,11
GuiSFX::Chainable3,0x0065877C,0x0060D900,11
GuiSFX::Transition,0x0065879C,0x0060D8B0,7
GuiSFX::Chainable,0x006587BC,0x0060D9C0,11
GuiSFX::Chainable1,0x006587DC,0x0060D960,11
ImageSlider,0x006587FC,0x0060DA7C,2
Slider,0x00658818,0x0060DA88,1
ScrollingText,0x00658830,0x0060DA90,1
HudMapCam,0x0065884C,0x0060DA9C,27
KullCam,0x00658864,0x0061526C,27
SuperCam,0x0065887C,0x00614ED4,27
CHudMap,0x00658894,0x0060DB0C,1
HudWaspDestroyed,0x006588BC,0x0060DB40,4
HudEventHandler,0x006588DC,0x0060DC08,4
HudMissionProgress,0x006588FC,0x0060DB74,4
HudMissionObjective,0x00658924,0x0060DBA8,4
HudItemDropped,0x00658948,0x0060DBBC,4
HudHitNRun,0x00658968,0x0060DBDC,4
HudCountDown,0x00658984,0x0060DC1C,4
HudCoinCollected,0x006589AC,0x0060DC3C,4
HudCardCollected,0x006589D0,0x0060DC50,4
CGuiScreenViewCards,0x006589F0,0x0060DCC4,8
CGuiScreenCardGallery,0x00658A14,0x0061009C,8
CGuiScreenTutorial,0x00658A38,0x0060DCE8,8
CGuiScreenSaveGame,0x00658A5C,0x0060DD44,1
GameDataDeleteCallback,0x00658A80,0x0060DD90,1
GameDataSaveCallback,0x00658AA8,0x0060DD98,1
CGuiScreenLoadSave,0x00658ACC,0x0061096C,5
IMemoryCardFormatCallback,0x00658AF0,0x00610A14,1
IGuiScreenRewards,0x00658B18,0x0060DDAC,1
CGuiScreenPurchaseRewards,0x00658B38,0x0060DF2C,1
tDrawablePose,0x00658B60,0x005F96A0,1
VtCameraAnimationController::?$SafeCast,0x00658B80,0x0060E018,1
CGuiScreenPhoneBooth,0x00658BC8,0x0060E020,1
tCameraAnimationController,0x00658BEC,0x005F892C,24
CGuiScreenPauseSunday,0x00658C18,0x0060E174,8
CGuiScreenPause,0x00658C3C,0x0060E384,8
CGuiScreenPauseSound,0x00658C5C,0x0060E200,8
CGuiScreenSound,0x00658C80,0x0060F58C,8
CGuiScreenPauseSettings,0x00658CA0,0x0060E224,1
CGuiScreenPauseOptions,0x00658CC8,0x0060E28C,8
CGuiScreenPauseMission,0x00658CF0,0x0060E2F0,8
CGuiScreenPauseDisplay,0x00658D18,0x0060E334,8
CGuiScreenDisplay,0x00658D40,0x0060FD98,8
CGuiScreenPauseController,0x00658D60,0x0060E358,1
ButtonMappedCallback,0x00658D88,0x0060FE64,1
CGuiScreenController,0x00658DAC,0x0060FE38,1
ResetCar,0x00658DD0,0x0060E428,11
CGuiScreenMultiHud,0x00658DE8,0x0060E458,9
CGuiScreenMissionSuccess,0x00658E0C,0x0060E6D4,9
CGuiScreenMissionBase,0x00658E34,0x0060E8A8,9
CGuiScreenHasTransitions,0x00658E58,0x00000000,0
CGuiScreenMissionSelect,0x00658E80,0x0060E754,8
CGuiScreenMissionOver,0x00658EA8,0x0060E7E0,2
CGuiScreenMissionLoad,0x00658ECC,0x0060E83C,2
VtEntity::?$SafeCast,0x00658EF0,0x005F43DC,1
GuiSFX::Junction3,0x00658F28,0x0060E8D0,11
CGuiScreenLevelStats,0x00658F48,0x0060EBA4,8
CGuiScreenLevelEnd,0x00658F6C,0x0060EBF0,8
CGuiScreenLetterBox,0x00658F90,0x0060EC24,2
CGuiScreenIrisWipe,0x00658FB4,0x0060ED20,8
MessageQueue,0x00658FD8,0x0060EDC4,1
CGuiScreenHud,0x00659004,0x0060EDCC,2
CGuiScreenCreditsPostFMV,0x00659020,0x0060EFD0,9
CGuiScreenViewCredits,0x00659048,0x0060F480,9
IMemoryCardInfoLoadCallback,0x0065906C,0x0060F014,1
CGuiManagerInGame,0x00659098,0x0060F01C,1
GuiSFX::RestartCurrentMission,0x006590B8,0x0060F054,11
GuiSFX::AbortCurrentMission,0x006590E4,0x0060F084,11
Scrooby::LoadProjectCallback,0x00659110,0x006138D4,1
CGuiScreenViewMovies,0x0065913C,0x0060F328,8
CGuiScreenVehicleGallery,0x00659160,0x0060F4C0,1
CGuiScreenSplash,0x00659188,0x0060F55C,8
CGuiScreenSkinGallery,0x006591A8,0x0060F5FC,1
CGuiScreenScrapBookStats,0x006591CC,0x0060F698,8
CGuiScreenScrapBookContents,0x006591F4,0x0060F764,8
CGuiScreenScrapBook,0x00659220,0x0060F888,8
CGuiScreenPlayMovie,0x00659244,0x0060F8D4,3
CGuiScreenOptions,0x00659268,0x0060F908,1
CGuiScreenMissionGallery,0x00659288,0x0060F9B4,1
CGuiScreenIntroTransition,0x006592B0,0x0060FA88,8
CGuiScreenMainMenu,0x006592D8,0x0060FAAC,8
GameDataLoadCallback,0x00659300,0x0060FCE0,1
CGuiScreenLoadGame,0x00659324,0x0060FC98,1
CGuiScreenAutoLoad,0x00659348,0x0060FCE8,1
CGuiManagerFrontEnd,0x0065936C,0x00610158,2
CGuiScreenLoadingFE,0x00659390,0x00610264,1
CGuiScreenLoading,0x006593B4,0x0061036C,1
VtSprite::?$SafeCast,0x006593D4,0x00610398,1
tSprite,0x0065940C,0x005F95A0,7
CGuiScreenDemo,0x00659430,0x00610524,8
CGuiManagerBackEnd,0x00659450,0x00610548,2
CGuiUserInputHandler,0x00659474,0x006105B8,9
CGuiTextBible,0x00659498,0x00610624,1
CGuiSystem,0x006594B4,0x0061062C,3
CGuiScreenPrompt,0x006594D0,0x00610880,8
CGuiScreenMessage,0x006594F0,0x006108E0,8
CGuiScreenMemoryCard,0x00659510,0x00610948,8
IMemoryCardCheckCallback,0x00659534,0x00610A0C,1
CGuiScreenMemCardCheck,0x0065955C,0x00610A1C,1
IRadMemoryHeap,0x00659584,0x005F7708,14
IRadMemoryAllocator,0x006595A4,0x00000000,0
GuiMenuItemSprite,0x006595C8,0x00610B84,10
GuiMenuItemText,0x006595E8,0x00610BB0,10
GuiMenuItem,0x00659608,0x00610BDC,10
Scrooby::Sprite,0x00659624,0x005F4CE4,14
CGuiMenuPrompt,0x00659644,0x00610C14,2
CGuiMenu,0x00659664,0x00610C08,2
CGuiMenu2D,0x0065967C,0x00610C20,2
Scrooby::Text,0x00659698,0x005F4F20,14
Scrooby::BoundedDrawable,0x006596B4,0x005F4874,2
PresentationEvent,0x006596DC,0x00610C90,7
AnimationPlayer::LoadDataCallBack,0x006596FC,0x00613C38,1
NISEvent,0x0065972C,0x00610CB0,7
FMVEvent,0x00659744,0x00610CD0,7
TutorialManager,0x0065975C,0x00610CF0,3
TransitionPlayer,0x0065977C,0x00610D20,11
SimpleAnimationPlayer,0x0065979C,0x00610D50,10
PresentationAnimator,0x006597C0,0x00610D7C,1
PresentationManager,0x006597E4,0x00610D84,1
PresentationOverlay,0x00659808,0x00610DA8,7
VTransitionEvent::?$AllocPool,0x0065982C,0x00610DC8,2
VNISEvent::?$AllocPool,0x0065985C,0x00610DD4,2
VFMVEvent::?$AllocPool,0x00659884,0x00610DE0,2
TransitionEvent,0x006598AC,0x00610DEC,7
PlayerDrawable,0x006598CC,0x0061102C,7
1::VScenegraph::?$SafeCast,0x006598EC,0x005F4BD4,1
NISPlayer,0x00659928,0x0061104C,10
VtCompositeDrawable::?$SafeCast,0x00659940,0x005F9B08,1
0::Scenegraph,0x00659980,0x005F9D58,7
MouthFlapper,0x0065999C,0x00611078,8
VtAnimation::?$SafeCast,0x006599B8,0x005F8C20,1
CameraPlayer,0x006599F0,0x006110EC,10
tAnimation,0x00659A0C,0x005F9A80,3
Blinker,0x00659A28,0x00611118,1
RespawnEntity,0x00659A40,0x00611160,2
CharacterSheetManager,0x00659A5C,0x0061116C,4
RewardsManager,0x00659A80,0x006111EC,2
Reward,0x00659AA0,0x00611230,1
Merchandise,0x00659AB8,0x00611238,1
SafeZone,0x00659AD4,0x00611240,1
VehicleCondition,0x00659AEC,0x00611248,7
MissionCondition,0x00659B0C,0x00611328,7
VehicleCarryingStateProp,0x00659B2C,0x00611268,7
TimeOutCondition,0x00659B54,0x00611288,7
RaceCondition,0x00659B74,0x006112A8,7
PositionCondition,0x00659B90,0x006112C8,7
OutOfBoundsCondition,0x00659BB0,0x006112E8,7
NotAbductedCondition,0x00659BD4,0x00611308,7
LeaveInteriorCondition,0x00659BF8,0x00611348,7
KeepBarrelCondition,0x00659C20,0x00611368,7
GetOutOfCarCondition,0x00659C44,0x00611388,8
FollowCondition,0x00659C68,0x006113AC,7
DamageCondition,0x00659C88,0x006113CC,7
MissionObjective,0x00659CA8,0x00611588,5
TimerObjective,0x00659CC8,0x006113EC,6
TalkToObjective,0x00659CE8,0x00611408,2
CollectibleObjective,0x00659D08,0x00611718,11
RaceObjective,0x00659D2C,0x0061144C,11
PickupItemObjective,0x00659D48,0x00611560,5
VStatePropCollectible::?$SafeCast,0x00659D70,0x00611578,1
VZoneEventLocator::?$SafeCast,0x00659DB4,0x00611580,1
LoseObjective,0x00659DF4,0x006115B0,5
LoadVehicleObjective::LoadDisposableCarAsyncCallback,0x00659E10,0x006115C8,1
LoadVehicleObjective,0x00659E54,0x006115D0,5
InteriorObjective,0x00659E78,0x006115E8,2
GoToObjective,0x00659E98,0x0061160C,5
GoOutsideObjective,0x00659EB4,0x00611624,5
GetInObjective,0x00659ED8,0x0061163C,2
FollowObjective,0x00659EF8,0x00611660,5
FMVObjective,0x00659F18,0x00611678,3
DialogueObjective,0x00659F34,0x006116A0,5
DestroyObjective,0x00659F54,0x006116B8,5
DestroyBossObjective,0x00659F74,0x006116D0,5
DeliveryObjective,0x00659F98,0x006116E8,11
CollectDumpedObjective,0x00659FB8,0x00611750,11
CollectionCondition,0x00659FE0,0x00611780,7
CoinObjective,0x0065A004,0x006117A0,6
BuySkinObjective,0x0065A020,0x006117BC,5
BuyCarObjective,0x0065A040,0x006117D4,5
TimeRemainBonusObjective,0x0065A060,0x006117EC,7
BonusObjective,0x0065A088,0x00611938,7
StatePropCollectible,0x0065A0A8,0x0061180C,2
RacePositionBonusObjective,0x0065A0CC,0x006118E0,2
NoDamageBonusObjective,0x0065A0F8,0x0061190C,2
NoCopBonusObjective,0x0065A120,0x00611958,2
MissionStage,0x0065A144,0x00611984,1
HasPresentationInfo,0x0065A160,0x00000000,0
VtTexture::?$SafeCast,0x0065A184,0x005F87A0,1
MissionScriptLoader,0x0065A1BC,0x00611A34,2
Console::ExecuteScriptCallback,0x0065A1E0,0x00000000,0
tTexture,0x0065A20C,0x005F92A0,3
MissionManager,0x0065A224,0x00612B6C,1
Mission,0x0065A244,0x00612CC0,7
BonusMissionInfo,0x0065A25C,0x00612DB4,2
AnimatedIcon::AnimIconDSG,0x0065A27C,0x00612DC0,1
AnimatedIcon,0x0065A2A4,0x00612E24,1
tCompositeDrawable::DrawableEffectElement,0x0065A2C0,0x005F97F0,11
tCompositeDrawable::DrawableElement,0x0065A2F8,0x005F975C,10
HeapManager,0x0065A32C,0x00612EA0,3
IRadMemorySetAllocatorCallback,0x0065A348,0x00000000,0
IRadMemoryActivityCallback,0x0065A378,0x00000000,0
HeapActivityTracker,0x0065A3A4,0x00612EB0,2
HeapStack,0x0065A3C8,0x00612EBC,1
tBMPHandler,0x0065A3E0,0x005FA39C,16
tPNGHandler,0x0065A3FC,0x005FA354,16
radLoadFileLoader,0x0065A418,0x00000000,0
tFileHandler,0x0065A438,0x005F3E48,6
tImageHandler,0x0065A454,0x005FA30C,16
tTargaHandler,0x0065A470,0x005FA3E4,16
Platform,0x0065A48C,0x00000000,0
Win32Platform,0x0065A4A4,0x006131F0,5
VtTextureFont::?$SafeCast,0x0065A4C0,0x00613240,1
tTextureFont,0x0065A4FC,0x005F9224,18
Game,0x0065A518,0x006135FC,1
SoundFileHandler,0x0065A52C,0x0061389C,5
FileHandler,0x0065A54C,0x00613B9C,5
ScroobyFileHandler,0x0065A568,0x006138B4,1
RoadLoader,0x0065A58C,0x006138DC,3
RoadDataSegmentLoader,0x0065A5A8,0x00613938,8
PathLoader,0x0065A5CC,0x0061395C,3
radLoadCallback,0x0065A5E8,0x00000000,0
tLoadRequest::Callback,0x0065A608,0x00000000,0
P3DFileHandler,0x0065A62C,0x00613998,5
PedGroupLocator,0x0065A64C,0x006139FC,2
LocatorLoader,0x0065A66C,0x00613A30,3
LoadingManager,0x0065A688,0x00613A7C,1
FileHandler::LoadFileCallback,0x0065A6A8,0x00000000,0
IntersectionLoader,0x0065A6D4,0x00613ACC,8
IconFileHandler,0x0065A6F8,0x00613AF0,3
ConsoleFileHandler,0x0065A718,0x00613B20,3
ChoreoFileHandler,0x0065A73C,0x00613B48,3
IRadCementLibraryCompletionCallback,0x0065A75C,0x00613BB4,3
CementFileHandler,0x0065A790,0x00613BC4,3
CameraDataLoader,0x0065A7B0,0x00613BEC,8
WalkerCamDataChunk,0x0065A7D0,0x00613C10,3
sim::VCollisionObject::?$SafeCast,0x0065A7F8,0x005F3368,1
VDirectionalLocator::?$SafeCast,0x0065A840,0x00613C40,1
InteriorManager,0x0065A880,0x00613C48,2
InteriorExit,0x0065A8A0,0x00613C54,18
NISSoundPlaybackCompleteCallback,0x0065A8BC,0x00613C30,1
Gag,0x0065A8EC,0x00613CA0,1
GagDrawable,0x0065A900,0x00613D08,1
VtFrameController::?$SafeCast,0x0065A91C,0x005F8524,1
tFrameController,0x0065A95C,0x005F992C,16
sim::CollisionObject,0x0065A97C,0x005F359C,6
tCompositeDrawable,0x0065A9A0,0x005F9864,1
WheelRumble,0x0065A9C4,0x00614078,3
ForceEffect,0x0065A9E0,0x006144BC,3
IRadControllerInputPointCallback,0x0065AA00,0x00000000,0
UserController,0x0065AA30,0x006141E0,5
SteeringSpring,0x0065AA50,0x0061437C,3
RumbleEffect,0x0065AA70,0x006143F8,1
InputManager,0x0065AA8C,0x00614428,3
IRadControllerConnectionChangeCallback,0x0065AAA8,0x00000000,0
ConstantEffect,0x0065AAE0,0x006144CC,3
BaseDamper,0x0065AB00,0x006144DC,3
RealController,0x0065AB1C,0x006144EC,11
Mouse,0x0065AB48,0x00614530,11
Keyboard,0x0065AB5C,0x00614590,11
Gamepad,0x0065AB74,0x006145C0,11
GameFlow,0x0065AB8C,0x00614634,2
SuperSprintFEContext,0x0065ABA4,0x00614668,1
Context,0x0065ABC8,0x006149E0,8
SuperSprintContext,0x0065ABE0,0x00614694,8
PlayingContext,0x0065AC04,0x00614814,8
LoadingSuperSprintContext,0x0065AC24,0x006146B8,1
LoadingContext,0x0065AC4C,0x006148F4,1
LoadingDemoContext,0x0065AC6C,0x006146E8,1
DemoContext,0x0065AC90,0x00614718,8
LoadingGameplayContext,0x0065ACAC,0x0061473C,1
VtLightGroup::?$SafeCast,0x0065ACD4,0x005FA004,1
GameplayContext,0x0065AD10,0x0061476C,8
ComedyCam,0x0065AD30,0x00614794,27
tLightGroup,0x0065AD48,0x005F883C,3
WalkerCam,0x0065AD64,0x00614C8C,27
PauseContext,0x0065AD7C,0x00614860,8
FrontEndContext,0x0065AD98,0x0061494C,1
ExitContext,0x0065ADB8,0x00614998,8
EntryContext,0x0065ADD4,0x006149BC,8
BootupContext,0x0065ADF0,0x00614A04,3
Console,0x0065AE0C,0x00614B00,1
std::out_of_range,0x0065AE24,0x005F77A4,2
exception,0x0065AE44,0x005FEC90,2
std::logic_error,0x0065AE5C,0x005F778C,2
CollectorCard,0x0065AE7C,0x00614B8C,2
Card,0x0065AE98,0x00614BD4,2
CardsDB,0x0065AEAC,0x00614B98,1
CardGallery,0x0065AEC4,0x00614BA8,1
BonusCard,0x0065AEE0,0x00614BE0,2
WrecklessEventListener,0x0065AEF8,0x00614BEC,2
WrecklessCam,0x0065AF20,0x00614BFC,27
WalkerCamData,0x0065AF3C,0x00614C84,1
TrackerCam,0x0065AF58,0x00614D0C,27
TrackerCamData,0x0065AF74,0x00614D7C,1
SuperSprintCam,0x0065AF94,0x00614D94,27
SuperCamController,0x0065AFB4,0x00614E24,9
SuperCamCentral,0x0065AFD8,0x00614E4C,3
FollowCamDataChunk,0x0065AFF8,0x00614E78,1
StaticCam,0x0065B01C,0x00614F44,27
VtVectorCamera::?$SafeCast,0x0065B034,0x005F9AF8,1
tVectorCamera,0x0065B070,0x005FA99C,27
SineCosShaker,0x0065B08C,0x00614FC0,14
ICameraShaker,0x0065B0A8,0x00614FFC,14
ReverseCam,0x0065B0C4,0x0061504C,27
AnimatedCam,0x0065B0E0,0x006155C4,29
RelativeAnimatedCam,0x0065B0FC,0x006150CC,29
RailCam,0x0065B120,0x0061515C,28
PCCam,0x0065B138,0x006151F4,27
FollowCamData,0x0065B160,0x006152E8,1
FollowCam,0x0065B17C,0x006152F4,27
DebugCam,0x0065B194,0x00615384,27
ConversationCam,0x0065B1AC,0x00615404,27
ConversationCamData,0x0065B1CC,0x00615474,1
ChaseCam,0x0065B1F0,0x006154B4,27
ChaseCamData,0x0065B208,0x00615524,1
BumperCam,0x0065B224,0x0061553C,27
BumperCamData,0x0065B23C,0x006155AC,1
VtMultiController::?$SafeCast,0x0065B258,0x005F43EC,1
VtCamera::?$SafeCast,0x0065B298,0x005F43E4,1
tMultiController,0x0065B2D0,0x005F84B4,16
tCamera,0x0065B2F0,0x005FAA14,27
ATCLoader,0x0065B308,0x0061566C,10
VEventLocator::?$SafeCast,0x0065B320,0x006156BC,1
UFOBehaviour,0x0065B35C,0x00615698,8
UFOBeamAlwaysOn,0x0065B378,0x006156CC,8
UFOAttackBehaviour,0x0065B398,0x006156F0,8
SpawnPoint,0x0065B3BC,0x00615714,2
ProjectileDSG,0x0065B3D8,0x00615754,1
ActorDSG,0x0065B3F4,0x00615C0C,1
Projectile,0x0065B40C,0x0061581C,29
Actor,0x0065B428,0x00615D44,29
IntersectionList,0x0065B43C,0x0061593C,1
FlyingActor,0x0065B45C,0x00615944,1
VtDrawable::?$SafeCast,0x0065B478,0x005F985C,1
EvasionBehaviour,0x0065B4B0,0x006159DC,8
AttractionBehaviour,0x0065B4D0,0x00615A00,2
AttackBehaviour,0x0065B4F4,0x00615A30,2
VLocator::?$SafeCast,0x0065B514,0x00615A84,1
ActorManager,0x0065B54C,0x00615A8C,2
std::length_error,0x0065B568,0x005F7798,2
VCStatePropData::?$SafeCast,0x0065B588,0x00615CD4,1
WingAnimator,0x0065B5C4,0x00615CFC,3
ActorAnimationWasp,0x0065B5E0,0x00615D0C,3
StatePropDSGProcAnimator,0x0065B604,0x00615D1C,3
ActorAnimation,0x0065B630,0x00615DCC,3
ActorAnimationUFO,0x0065B650,0x00615DBC,3
WaypointAI,0x0065B670,0x00615DDC,2
VehicleAI,0x0065B68C,0x00615E6C,2
TrafficAI,0x0065B6A4,0x00615EF4,15
Potentials,0x0065B6BC,0x00615F50,1
PotentialField,0x0065B6D8,0x00615F58,1
ChaseAI,0x0065B6F8,0x00615F60,2
Task,0x0065B710,0x00615FD8,3
Sequencer,0x0065B724,0x00615FE8,1
ActionController,0x0065B73C,0x00615FF0,1
GetUpAction,0x0065B75C,0x00615FF8,9
FlailAction,0x0065B778,0x00616020,9
Position,0x0065B794,0x00616048,9
SurfAction,0x0065B7AC,0x00616070,10
choreo::VAnimation::?$SafeCast,0x0065B7C8,0x005FCFB4,1
CringeAction,0x0065B808,0x0061609C,9
Orient,0x0065B824,0x006160C4,9
DodgeAction,0x0065B83C,0x006160EC,9
InCarAction,0x0065B858,0x00616114,9
Arrive,0x0065B874,0x00616168,9
choreo::VLocomotion::?$SafeCast,0x0065B88C,0x005FCFBC,1
JumpAction,0x0065B8CC,0x00616190,9
CarDoorAction,0x0065B8E8,0x006161B8,9
DecelAction,0x0065B904,0x006161E0,10
WalkerLocomotionAction,0x0065B920,0x0061620C,9
AccelAction,0x0065B948,0x00616234,10
PlayIdleAnimationAction,0x0065B964,0x00616260,10
ReverseAction,0x0065B98C,0x0061628C,10
HoldAnimationAction,0x0065B9A8,0x0061613C,10
SteerAction,0x0065B9CC,0x006162B8,10
PlayAnimationAction,0x0065B9E8,0x006162E4,10
choreo::Locomotion,0x0065BA0C,0x005FD19C,4
choreo::Animation,0x0065BA2C,0x005FD598,4
SlaveAction,0x0065BA7C,0x00000000,0
Action,0x0065BA98,0x00617210,9
CharacterAi::NoState,0x0065BAB0,0x006163F4,6
CharacterAi::State,0x0065BAD4,0x006165A4,6
ReleaseDoorsAction,0x0065BAF4,0x00616410,9
CharacterAi::GetIn,0x0065BB18,0x00616438,2
CharacterAi::InSim,0x0065BB38,0x00616460,6
KickAction,0x0065BB58,0x0061647C,9
DelayAction,0x0065BB74,0x006164A4,9
CharacterAi::Loco,0x0065BB90,0x006164CC,6
ChangeNPCControllerState,0x0065BBB0,0x006164E8,9
ChangeLocomotion,0x0065BBD8,0x00616510,9
CharacterAi::InCar,0x0065BBF8,0x00616538,6
CharacterAi::VLoco::?$ChangeState,0x0065BC18,0x00616554,9
GroundSnap,0x0065BC48,0x0061657C,9
CharacterAi::VInCar::?$ChangeState,0x0065BC64,0x006165C0,9
CharacterAi::GetOut,0x0065BC98,0x006165E8,2
ActionButton::PlayAnimOnce,0x0065BCC0,0x00616994,24
ActionButton::ActionEventHandler,0x0065BCE8,0x00616F3C,19
ActionButton::AnimSwitch,0x0065BD18,0x006178F4,24
ActionButton::PlayAnim,0x0065BD40,0x0061783C,24
ActionButton::AutomaticDoor,0x0065BD64,0x006169FC,24
ActionButton::OpenDoor,0x0065BD90,0x00616A64,24
ActionButton::Doorbell,0x0065BDB4,0x00616ACC,24
ActionButton::TalkMission,0x0065BDD8,0x00616B34,24
ActionButton::TalkDialog,0x0065BE00,0x00616B9C,24
ActionButton::ReverseAnim,0x0065BE28,0x00616C04,24
ActionButton::TalkFood,0x0065BE50,0x00616CC4,24
ActionButtonManager,0x0065BE74,0x00616D28,2
ActionButton::ToggleAnim,0x0065BE98,0x0061739C,24
TriggerEventAction,0x0065BEC0,0x00616F8C,9
ActionButton::NitroIcon,0x0065BEE4,0x00616FB4,2
ActionButton::UseVendingMachine,0x0065BF0C,0x0061702C,24
ActionButton::GetInCar,0x0065BF3C,0x006170FC,18
ActionButton::WrenchIcon,0x0065BF60,0x00617148,2
ActionButton::PurchaseSkin,0x0065BF88,0x006171BC,20
ActionButton::EnterInterior,0x0065BFB0,0x0061723C,18
ActionButton::DestroyObject,0x0065BFDC,0x00617288,1
ActionButton::AnimCollisionEntityDSGWrapper,0x0065C008,0x00617364,13
ActionButton::AutoPlayAnimInOut,0x0065C044,0x00617404,25
ActionButton::IGameObjectWrapper,0x0065C074,0x00000000,0
VCarStartLocator::?$SafeCast,0x0065C0A4,0x00617474,1
ActionButton::CollectibleCard,0x0065C0E4,0x0061747C,25
VAnimCollisionEntityDSG::?$SafeCast,0x0065C110,0x006174E4,1
ActionButton::PurchaseCar,0x0065C154,0x006174EC,20
ActionButton::AutoPlayAnimLoop,0x0065C17C,0x00617544,25
ActionButton::SummonVehiclePhone,0x0065C1A8,0x006175AC,21
ActionButton::SummonVehiclePhoneStaticCallback,0x0065C1D8,0x00617604,1
ActionButton::PurchaseReward,0x0065C214,0x0061760C,20
ActionButton::AutoPlayAnim,0x0065C240,0x00617664,25
ActionButton::PrankPhone,0x0065C268,0x006176CC,24
ActionButton::PlayAnimLoop,0x0065C290,0x00617734,24
AssignValueToFloat,0x0065C2B8,0x00617798,9
ActionButton::TeleportAction,0x0065C2DC,0x006177D4,2
VStatePropDSG::?$SafeCast,0x0065C308,0x00617834,1
ActionButton::GenericEventButtonHandler,0x0065C344,0x006178A4,18
ActionButton::Collectible,0x0065C37C,0x006172FC,25
ActionButton::RespawnCollectible,0x0065C3A4,0x00617094,25
ActionButton::CollectibleFood,0x0065C3D4,0x0061795C,25
