class,offset_hex,subobject_class,support,instances,evidence
daSoundResourceData,0x14,daSoundResourceData,4999,5000,embedded vtable in live-object dump (SAHRDiag dynamic run)
daSoundResourceData,0x28,daSoundResourceData,4998,5000,embedded vtable in live-object dump (SAHRDiag dynamic run)
daSoundResourceData,0x3C,daSoundResourceData,4997,5000,embedded vtable in live-object dump (SAHRDiag dynamic run)
FeTextChildTextBibleString,0x28,FeTextChildTextBibleString,1067,1304,embedded vtable in live-object dump (SAHRDiag dynamic run)
tTexture,0x20,tTexture,1047,1269,embedded vtable in live-object dump (SAHRDiag dynamic run)
radWeakCallbackWrapper,0x28,radWeakCallbackWrapper,480,500,embedded vtable in live-object dump (SAHRDiag dynamic run)
tLinearTable,0x30,tLinearTable,458,617,embedded vtable in live-object dump (SAHRDiag dynamic run)
radBaseObject,0x28,radBaseObject,447,1445,embedded vtable in live-object dump (SAHRDiag dynamic run)
radObjectListNode,0x18,radObjectListNode,402,689,embedded vtable in live-object dump (SAHRDiag dynamic run)
radObjectListNode,0x30,radObjectListNode,398,689,embedded vtable in live-object dump (SAHRDiag dynamic run)
IRadObjectList,0x30,IRadObjectList,201,221,embedded vtable in live-object dump (SAHRDiag dynamic run)
FeResourceManager::AliasEntry,0x18,FeResourceManager::AliasEntry,201,408,embedded vtable in live-object dump (SAHRDiag dynamic run)
FeEntityDummy,0x30,FeEntityDummy,201,617,embedded vtable in live-object dump (SAHRDiag dynamic run)
FeResourceManager::AliasEntry,0x30,FeResourceManager::AliasEntry,190,408,embedded vtable in live-object dump (SAHRDiag dynamic run)
FeEntityDummy,0x18,FeEntityDummy,188,617,embedded vtable in live-object dump (SAHRDiag dynamic run)
FollowCamDataChunk,0x28,FollowCamDataChunk,179,180,embedded vtable in live-object dump (SAHRDiag dynamic run)
tTexture,0x20,tShader,162,1269,embedded vtable in live-object dump (SAHRDiag dynamic run)
tShader,0x20,tTexture,157,223,embedded vtable in live-object dump (SAHRDiag dynamic run)
radBaseObject,0x30,radBaseObject,142,1445,embedded vtable in live-object dump (SAHRDiag dynamic run)
FeResourceManager::AliasEntry,0x30,FeEntityDummy,74,408,embedded vtable in live-object dump (SAHRDiag dynamic run)
tPrimGroupOptimised,0x30,tPrimGroupOptimised,72,82,embedded vtable in live-object dump (SAHRDiag dynamic run)
FeResourceManager::AliasEntry,0x18,FeEntityDummy,69,408,embedded vtable in live-object dump (SAHRDiag dynamic run)
Blinker,0x18,Blinker,63,64,embedded vtable in live-object dump (SAHRDiag dynamic run)
FeEntityDummy,0x30,FeResourceManager::AliasEntry,63,617,embedded vtable in live-object dump (SAHRDiag dynamic run)
Blinker,0x30,Blinker,62,64,embedded vtable in live-object dump (SAHRDiag dynamic run)
FeEntityDummy,0x18,FeResourceManager::AliasEntry,62,617,embedded vtable in live-object dump (SAHRDiag dynamic run)
FeTextChildHardCodedString,0x20,FeTextChildHardCodedString,57,89,embedded vtable in live-object dump (SAHRDiag dynamic run)
tSkeleton,0x10,tSkeleton::VJoint::?$tArray,48,48,embedded vtable in live-object dump (SAHRDiag dynamic run)
radBaseObject,0x20,radBaseObject,44,1445,embedded vtable in live-object dump (SAHRDiag dynamic run)
CollectorCard,0x30,CollectorCard,38,49,embedded vtable in live-object dump (SAHRDiag dynamic run)
tCompositeDrawable::DrawablePropElement,0x28,tCompositeDrawable::DrawablePropElement,32,77,embedded vtable in live-object dump (SAHRDiag dynamic run)
tShader,0x20,tShader,31,223,embedded vtable in live-object dump (SAHRDiag dynamic run)
tFloat1Channel,0x20,tFloat1Channel,28,51,embedded vtable in live-object dump (SAHRDiag dynamic run)
ParticleManager::PAVManagedParticleSystem::?$tPtrDynamicArray,0x0C,ParticleManager::PAVManagedParticleSystem::?$tPtrDynamicArray,26,27,embedded vtable in live-object dump (SAHRDiag dynamic run)
tBillboardQuadGroup,0x18,PAVtBillboardQuad::?$tPtrArray,26,26,embedded vtable in live-object dump (SAHRDiag dynamic run)
ParticleManager::PAVManagedParticleSystem::?$tPtrDynamicArray,0x18,ParticleManager::PAVManagedParticleSystem::?$tPtrDynamicArray,25,27,embedded vtable in live-object dump (SAHRDiag dynamic run)
radObjectListNode,0x3C,radBaseObject,25,689,embedded vtable in live-object dump (SAHRDiag dynamic run)
radBaseObject,0x0C,radObjectListNode,25,1445,embedded vtable in live-object dump (SAHRDiag dynamic run)
radBaseObject,0x3C,radObjectListNode,25,1445,embedded vtable in live-object dump (SAHRDiag dynamic run)
radBaseObject,0x24,radObjectListNode,25,1445,embedded vtable in live-object dump (SAHRDiag dynamic run)
ParticleManager::PAVManagedParticleSystem::?$tPtrDynamicArray,0x24,ParticleManager::PAVManagedParticleSystem::?$tPtrDynamicArray,24,27,embedded vtable in live-object dump (SAHRDiag dynamic run)
radObjectListNode,0x24,radBaseObject,24,689,embedded vtable in live-object dump (SAHRDiag dynamic run)
ParticleManager::PAVManagedParticleSystem::?$tPtrDynamicArray,0x30,ParticleManager::PAVManagedParticleSystem::?$tPtrDynamicArray,23,27,embedded vtable in live-object dump (SAHRDiag dynamic run)
ParticleManager::PAVManagedParticleSystem::?$tPtrDynamicArray,0x3C,ParticleManager::PAVManagedParticleSystem::?$tPtrDynamicArray,22,27,embedded vtable in live-object dump (SAHRDiag dynamic run)
radObjectListNode,0x0C,radBaseObject,22,689,embedded vtable in live-object dump (SAHRDiag dynamic run)
radWeakCallbackWrapper,0x0C,radBaseObject,20,500,embedded vtable in live-object dump (SAHRDiag dynamic run)
radWeakCallbackWrapper,0x34,radBaseObject,19,500,embedded vtable in live-object dump (SAHRDiag dynamic run)
radBaseObject,0x1C,radWeakCallbackWrapper,19,1445,embedded vtable in live-object dump (SAHRDiag dynamic run)
radBaseObject,0x18,radBaseObject,18,1445,embedded vtable in live-object dump (SAHRDiag dynamic run)
tSkeleton,0x28,tSkeleton,17,48,embedded vtable in live-object dump (SAHRDiag dynamic run)
tSkeleton,0x38,tSkeleton::VJoint::?$tArray,17,48,embedded vtable in live-object dump (SAHRDiag dynamic run)
tSkeleton::VJoint::?$tArray,0x18,tSkeleton,17,48,embedded vtable in live-object dump (SAHRDiag dynamic run)
tSkeleton::VJoint::?$tArray,0x28,tSkeleton::VJoint::?$tArray,17,48,embedded vtable in live-object dump (SAHRDiag dynamic run)
PositionalSoundPlayer,0x34,PositionalSoundPlayer,16,64,embedded vtable in live-object dump (SAHRDiag dynamic run)
SimpsonsSoundPlayer,0x14,SimpsonsSoundPlayer,15,21,embedded vtable in live-object dump (SAHRDiag dynamic run)
tCompositeDrawable,0x34,tCompositeDrawable::PAVDrawableElement::?$tPtrDynamicArray,15,15,embedded vtable in live-object dump (SAHRDiag dynamic run)
radString,0x20,radString,15,42,embedded vtable in live-object dump (SAHRDiag dynamic run)
PositionalSoundPlayer,0x38,PositionalSoundPlayer,15,64,embedded vtable in live-object dump (SAHRDiag dynamic run)
tCompositeDrawable::DrawablePoseElement,0x20,tCompositeDrawable::DrawablePoseElement,15,39,embedded vtable in live-object dump (SAHRDiag dynamic run)
tCompositeDrawable::DrawablePropElement,0x28,tPose,14,77,embedded vtable in live-object dump (SAHRDiag dynamic run)
SimpsonsSoundPlayer,0x28,SimpsonsSoundPlayer,12,21,embedded vtable in live-object dump (SAHRDiag dynamic run)
ExternalMemoryObject,0x28,ExternalMemoryObject,12,14,embedded vtable in live-object dump (SAHRDiag dynamic run)
PositionalSoundPlayer,0x3C,PositionalSoundPlayer,12,64,embedded vtable in live-object dump (SAHRDiag dynamic run)
tSkeleton,0x28,tCompositeDrawable::DrawablePropElement,11,48,embedded vtable in live-object dump (SAHRDiag dynamic run)
tSkeleton::VJoint::?$tArray,0x18,tCompositeDrawable::DrawablePropElement,11,48,embedded vtable in live-object dump (SAHRDiag dynamic run)
tAnimationGroup,0x24,tFloat1Channel,10,36,embedded vtable in live-object dump (SAHRDiag dynamic run)
tPolySkin,0x10,PAVtPrimGroup::?$tPtrArray,10,10,embedded vtable in live-object dump (SAHRDiag dynamic run)
tAnimationMemoryBlock,0x20,tAnimationMemoryBlock,10,34,embedded vtable in live-object dump (SAHRDiag dynamic run)
tPose,0x28,tCompositeDrawable::DrawablePropElement,10,38,embedded vtable in live-object dump (SAHRDiag dynamic run)
SimpsonsSoundPlayer,0x3C,SimpsonsSoundPlayer,9,21,embedded vtable in live-object dump (SAHRDiag dynamic run)
tTexture,0x14,radBaseObject,9,1269,embedded vtable in live-object dump (SAHRDiag dynamic run)
tAnimationGroup,0x28,tFloat1Channel,9,36,embedded vtable in live-object dump (SAHRDiag dynamic run)
PlatformSoundPlayer,0x0C,PositionalSoundPlayer,8,8,embedded vtable in live-object dump (SAHRDiag dynamic run)
radBaseObject,0x0C,tTexture,8,1445,embedded vtable in live-object dump (SAHRDiag dynamic run)
tAnimationGroup,0x24,tVector3DOFChannel,8,36,embedded vtable in live-object dump (SAHRDiag dynamic run)
tVector3DOFChannel,0x28,tCompressedQuaternionChannel,8,9,embedded vtable in live-object dump (SAHRDiag dynamic run)
tCompositeDrawable::DrawablePoseElement,0x20,tTexture,8,39,embedded vtable in live-object dump (SAHRDiag dynamic run)
tCompositeDrawable::DrawablePropElement,0x28,tCompositeDrawable::DrawableEffectElement,8,77,embedded vtable in live-object dump (SAHRDiag dynamic run)
GuiSFX::Translator,0x20,GuiSFX::Translator,7,12,embedded vtable in live-object dump (SAHRDiag dynamic run)
tAnimationGroup,0x20,tEntityChannel,7,36,embedded vtable in live-object dump (SAHRDiag dynamic run)
sim::SymMatrix,0x1C,sim::SymMatrix,7,14,embedded vtable in live-object dump (SAHRDiag dynamic run)
PlatformSoundPlayer,0x3C,PlatformSoundPlayer,7,8,embedded vtable in live-object dump (SAHRDiag dynamic run)
PositionalSoundPlayer,0x30,PlatformSoundPlayer,7,64,embedded vtable in live-object dump (SAHRDiag dynamic run)
tCompositeDrawable::DrawablePoseElement,0x20,tShader,7,39,embedded vtable in live-object dump (SAHRDiag dynamic run)
tPose,0x28,tPose,7,38,embedded vtable in live-object dump (SAHRDiag dynamic run)
tParticleArray,0x28,tParticleArray,7,22,embedded vtable in live-object dump (SAHRDiag dynamic run)
tCompositeDrawable::DrawablePropElement,0x28,tSkeleton,7,77,embedded vtable in live-object dump (SAHRDiag dynamic run)
tCompositeDrawable::DrawablePropElement,0x38,tSkeleton::VJoint::?$tArray,7,77,embedded vtable in live-object dump (SAHRDiag dynamic run)
tCompositeDrawable::PAVDrawableElement::?$tPtrDynamicArray,0x34,Reward,6,15,embedded vtable in live-object dump (SAHRDiag dynamic run)
NISPlayerGroup,0x04,PositionalSoundPlayer,6,6,embedded vtable in live-object dump (SAHRDiag dynamic run)
CollectorCard,0x34,IRadObjectList,6,49,embedded vtable in live-object dump (SAHRDiag dynamic run)
tEntityTable,0x20,tTexture,6,16,embedded vtable in live-object dump (SAHRDiag dynamic run)
radBaseObject,0x2C,tTexture,6,1445,embedded vtable in live-object dump (SAHRDiag dynamic run)
tTexture,0x34,radBaseObject,6,1269,embedded vtable in live-object dump (SAHRDiag dynamic run)
GuiMenuItemText,0x18,ImageSlider,6,6,embedded vtable in live-object dump (SAHRDiag dynamic run)
tTexture,0x20,tCompositeDrawable::DrawablePoseElement,6,1269,embedded vtable in live-object dump (SAHRDiag dynamic run)
tAnimationMemoryBlock,0x20,tParticlePool,6,34,embedded vtable in live-object dump (SAHRDiag dynamic run)
tPose,0x28,tSkeleton,6,38,embedded vtable in live-object dump (SAHRDiag dynamic run)
tPose,0x38,tSkeleton::VJoint::?$tArray,6,38,embedded vtable in live-object dump (SAHRDiag dynamic run)
PositionalSoundPlayer,0x30,TrafficSoundPlayer,5,64,embedded vtable in live-object dump (SAHRDiag dynamic run)
TrafficSoundPlayer,0x08,PositionalSoundPlayer,5,5,embedded vtable in live-object dump (SAHRDiag dynamic run)
TrafficSoundPlayer,0x3C,PositionalSoundPlayer,5,5,embedded vtable in live-object dump (SAHRDiag dynamic run)
AIVehicleSoundPlayer,0x08,PositionalSoundPlayer,5,5,embedded vtable in live-object dump (SAHRDiag dynamic run)
AIVehicleSoundPlayer,0x3C,PositionalSoundPlayer,5,5,embedded vtable in live-object dump (SAHRDiag dynamic run)
PositionalSoundPlayer,0x30,AnimObjSoundPlayer,5,64,embedded vtable in live-object dump (SAHRDiag dynamic run)
AnimObjSoundPlayer,0x0C,PositionalSoundPlayer,5,5,embedded vtable in live-object dump (SAHRDiag dynamic run)
FeTextChildTextBibleString,0x18,radBaseObject,5,1304,embedded vtable in live-object dump (SAHRDiag dynamic run)
tAnimationMemoryBlock,0x20,tCompositeDrawable::DrawablePoseElement,5,34,embedded vtable in live-object dump (SAHRDiag dynamic run)
tShader,0x20,tCompositeDrawable::DrawablePoseElement,5,223,embedded vtable in live-object dump (SAHRDiag dynamic run)
tAnimationMemoryBlock,0x20,tShader,5,34,embedded vtable in live-object dump (SAHRDiag dynamic run)
tTexture,0x20,tAnimationMemoryBlock,5,1269,embedded vtable in live-object dump (SAHRDiag dynamic run)
tSkeleton,0x28,tPose,5,48,embedded vtable in live-object dump (SAHRDiag dynamic run)
tSkeleton::VJoint::?$tArray,0x18,tPose,5,48,embedded vtable in live-object dump (SAHRDiag dynamic run)
tSkeleton,0x28,tParticleArray,5,48,embedded vtable in live-object dump (SAHRDiag dynamic run)
tSkeleton::VJoint::?$tArray,0x18,tParticleArray,5,48,embedded vtable in live-object dump (SAHRDiag dynamic run)
tCompositeDrawable::DrawableEffectElement,0x28,tCompositeDrawable::DrawablePropElement,5,11,embedded vtable in live-object dump (SAHRDiag dynamic run)
sim::PhysicsJoint0D,0x20,sim::PAVPhysicsJoint::?$TList,5,5,embedded vtable in live-object dump (SAHRDiag dynamic run)
sim::PAVPhysicsJoint::?$TList,0x30,sim::SymMatrix,5,5,embedded vtable in live-object dump (SAHRDiag dynamic run)
PositionalSoundPlayer,0x30,PositionalSoundPlayer,4,64,embedded vtable in live-object dump (SAHRDiag dynamic run)
PositionalSoundPlayer,0x30,AIVehicleSoundPlayer,4,64,embedded vtable in live-object dump (SAHRDiag dynamic run)
AnimObjSoundPlayer,0x3C,AnimObjSoundPlayer,4,5,embedded vtable in live-object dump (SAHRDiag dynamic run)
sim::SimulatedObject,0x1C,sim::ManualSimState,4,4,embedded vtable in live-object dump (SAHRDiag dynamic run)
IRadObjectList,0x2C,CollectorCard,4,221,embedded vtable in live-object dump (SAHRDiag dynamic run)
tShader,0x20,tEntityTable,4,223,embedded vtable in live-object dump (SAHRDiag dynamic run)
FeLayer,0x24,sim::OBBoxVolume,4,82,embedded vtable in live-object dump (SAHRDiag dynamic run)
tCompositeDrawable::DrawablePoseElement,0x20,tAnimationMemoryBlock,4,39,embedded vtable in live-object dump (SAHRDiag dynamic run)
tShader,0x20,tAnimationMemoryBlock,4,223,embedded vtable in live-object dump (SAHRDiag dynamic run)
tParticlePool,0x20,tAnimationMemoryBlock,4,8,embedded vtable in live-object dump (SAHRDiag dynamic run)
tPointGeneratorFactory,0x20,tAnimationMemoryBlock,4,8,embedded vtable in live-object dump (SAHRDiag dynamic run)
tLocator,0x28,tLocator,4,12,embedded vtable in live-object dump (SAHRDiag dynamic run)
tEffectController,0x28,tCompositeDrawable::DrawablePropElement,4,7,embedded vtable in live-object dump (SAHRDiag dynamic run)
tPose,0x28,tEffectController,4,38,embedded vtable in live-object dump (SAHRDiag dynamic run)
Scenegraph::Drawable,0x30,tPrimGroupOptimised,4,9,embedded vtable in live-object dump (SAHRDiag dynamic run)
GuiSFX::Show,0x14,GuiSFX::ColorChange,3,6,embedded vtable in live-object dump (SAHRDiag dynamic run)
radString,0x3C,radFactoryNode,3,42,embedded vtable in live-object dump (SAHRDiag dynamic run)
radSoundHalAudioFormat,0x38,radSoundHalAudioFormat,3,8,embedded vtable in live-object dump (SAHRDiag dynamic run)
IRadNameSpace,0x28,radObjectBTree,3,7,embedded vtable in live-object dump (SAHRDiag dynamic run)
tPNGHandler,0x20,tTargaHandler,3,6,embedded vtable in live-object dump (SAHRDiag dynamic run)
tImageConverter,0x10,tImageConverter,3,6,embedded vtable in live-object dump (SAHRDiag dynamic run)
UIRefCount::?$RefHashTable,0x38,UIRefCount::?$RefHashTable,3,17,embedded vtable in live-object dump (SAHRDiag dynamic run)
tEntityTable,0x20,UIRefCount::?$RefHashTable,3,16,embedded vtable in live-object dump (SAHRDiag dynamic run)
radBaseObject,0x3C,tEntityTable,3,1445,embedded vtable in live-object dump (SAHRDiag dynamic run)
sim::SimState,0x1C,sim::SimulatedObject,3,4,embedded vtable in live-object dump (SAHRDiag dynamic run)
sim::SimState,0x38,sim::ManualSimState,3,4,embedded vtable in live-object dump (SAHRDiag dynamic run)
sim::SimulatedObject,0x38,sim::VoidPList,3,4,embedded vtable in live-object dump (SAHRDiag dynamic run)
sim::ManualSimState,0x1C,sim::VoidPList,3,340,embedded vtable in live-object dump (SAHRDiag dynamic run)
radBaseObject,0x38,FeTextChildTextBibleString,3,1445,embedded vtable in live-object dump (SAHRDiag dynamic run)
radWeakCallbackWrapper,0x24,FeTextChildTextBibleString,3,500,embedded vtable in live-object dump (SAHRDiag dynamic run)
FeTextChildTextBibleString,0x2C,radWeakCallbackWrapper,3,1304,embedded vtable in live-object dump (SAHRDiag dynamic run)
radBaseObject,0x2C,tShader,3,1445,embedded vtable in live-object dump (SAHRDiag dynamic run)
tLinearTable,0x30,CollectorCard,3,617,embedded vtable in live-object dump (SAHRDiag dynamic run)
tShader,0x20,FeTextChildHardCodedString,3,223,embedded vtable in live-object dump (SAHRDiag dynamic run)
tAnimationMemoryBlock,0x20,tPointGeneratorFactory,3,34,embedded vtable in live-object dump (SAHRDiag dynamic run)
tPointGeneratorFactory,0x20,tPointGeneratorFactory,3,8,embedded vtable in live-object dump (SAHRDiag dynamic run)
tCompositeDrawable::DrawablePropElement,0x28,tLocator,3,77,embedded vtable in live-object dump (SAHRDiag dynamic run)
tLocator,0x28,tCompositeDrawable::DrawablePropElement,3,12,embedded vtable in live-object dump (SAHRDiag dynamic run)
tCompositeDrawable::DrawablePropElement,0x28,tParticleArray,3,77,embedded vtable in live-object dump (SAHRDiag dynamic run)
tCompositeDrawable::DrawableEffectElement,0x28,tPose,3,11,embedded vtable in live-object dump (SAHRDiag dynamic run)
tParticleArray,0x28,tCompositeDrawable::DrawablePropElement,3,22,embedded vtable in live-object dump (SAHRDiag dynamic run)
