class,vtable_va_hex,tier,source
sim::SimState,0x005F32BC,CONFIRMED,RTTI COL walk (SAHRDiag live)
sim::SimulatedObject,0x005F38B4,CONFIRMED,RTTI COL walk (SAHRDiag live)
sim::ManualSimState,0x005F3314,CONFIRMED,RTTI COL walk (SAHRDiag live)
sim::VoidPList,0x005F3B54,CONFIRMED,RTTI COL walk (SAHRDiag live)
sim::PAVCollisionObject::?$TList,0x005F3394,CONFIRMED,RTTI COL walk (SAHRDiag live)
sim::CollisionManager,0x005F339C,CONFIRMED,RTTI COL walk (SAHRDiag live)
sim::SimUnits,0x005F3664,CONFIRMED,RTTI COL walk (SAHRDiag live)
sim::PhysicsProperties,0x005F33B0,CONFIRMED,RTTI COL walk (SAHRDiag live)
sim::VPhysicsProperties::?$SafeCast,0x005F33D0,CONFIRMED,RTTI COL walk (SAHRDiag live)
sim::SymMatrix,0x005F3450,CONFIRMED,RTTI COL walk (SAHRDiag live)
sim::PAVCollisionVolume::?$TList,0x005F3458,CONFIRMED,RTTI COL walk (SAHRDiag live)
sim::SphereVolume,0x005F3460,CONFIRMED,RTTI COL walk (SAHRDiag live)
sim::CylinderVolume,0x005F348C,CONFIRMED,RTTI COL walk (SAHRDiag live)
sim::WallVolume,0x005F34E4,CONFIRMED,RTTI COL walk (SAHRDiag live)
sim::BBoxVolume,0x005F3510,CONFIRMED,RTTI COL walk (SAHRDiag live)
sim::CollisionObjectLoader,0x005F3570,CONFIRMED,RTTI COL walk (SAHRDiag live)
sim::VirtualCM,0x005F35BC,CONFIRMED,RTTI COL walk (SAHRDiag live)
sim::JointVirtualCM,0x005F35D4,CONFIRMED,RTTI COL walk (SAHRDiag live)
sim::PAVJointVirtualCM::?$TList,0x005F35EC,CONFIRMED,RTTI COL walk (SAHRDiag live)
sim::SimStateArticulated,0x005F35F4,CONFIRMED,RTTI COL walk (SAHRDiag live)
sim::VArticulatedPhysicsObject::?$SafeCast,0x005F3648,CONFIRMED,RTTI COL walk (SAHRDiag live)
sim::VSkeletonInfo::?$SafeCast,0x005F3650,CONFIRMED,RTTI COL walk (SAHRDiag live)
sim::SkeletonInfo,0x005F3B28,CONFIRMED,RTTI COL walk (SAHRDiag live)
sim::PAVSimUnits::?$TList,0x005F365C,CONFIRMED,RTTI COL walk (SAHRDiag live)
sim::SimEnvironment,0x005F3670,CONFIRMED,RTTI COL walk (SAHRDiag live)
sim::SimCGSValue,0x005F368C,CONFIRMED,RTTI COL walk (SAHRDiag live)
sim::SimLength,0x005F36A4,CONFIRMED,RTTI COL walk (SAHRDiag live)
sim::SimTime,0x005F36BC,CONFIRMED,RTTI COL walk (SAHRDiag live)
sim::tExportInfo,0x005F36E8,CONFIRMED,RTTI COL walk (SAHRDiag live)
sim::SimUnitsManager,0x005F36F8,CONFIRMED,RTTI COL walk (SAHRDiag live)
sim::tExportInfoLoader,0x005F3704,CONFIRMED,RTTI COL walk (SAHRDiag live)
sim::PhysicsObjectLoader,0x005F382C,CONFIRMED,RTTI COL walk (SAHRDiag live)
sim::ImpulseBasedCollisionSolver,0x005F385C,CONFIRMED,RTTI COL walk (SAHRDiag live)
sim::PhysicsJoint,0x005F3934,CONFIRMED,RTTI COL walk (SAHRDiag live)
sim::PhysicsJoint0D,0x005F39B4,CONFIRMED,RTTI COL walk (SAHRDiag live)
sim::PhysicsJoint1D,0x005F3A2C,CONFIRMED,RTTI COL walk (SAHRDiag live)
sim::PhysicsJoint3D,0x005F3AA4,CONFIRMED,RTTI COL walk (SAHRDiag live)
sim::PAVPhysicsJoint::?$TList,0x005F3B1C,CONFIRMED,RTTI COL walk (SAHRDiag live)
sim::SubCollisionDetector,0x005F3C20,CONFIRMED,RTTI COL walk (SAHRDiag live)
sim::CollisionDetector,0x005F3B4C,CONFIRMED,RTTI COL walk (SAHRDiag live)
sim::SimpleFilter3D,0x005F3C44,CONFIRMED,RTTI COL walk (SAHRDiag live)
sim::SimpleFilterAbs3D,0x005F3C08,CONFIRMED,RTTI COL walk (SAHRDiag live)
sim::SimpleFilter1D,0x005F3C34,CONFIRMED,RTTI COL walk (SAHRDiag live)
Scrooby::App,0x005F3C64,CONFIRMED,RTTI COL walk (SAHRDiag live)
FeProjectFileHandler,0x005F3E88,CONFIRMED,RTTI COL walk (SAHRDiag live)
FeTextBibleLoader,0x005F3EFC,CONFIRMED,RTTI COL walk (SAHRDiag live)
FeLanguage,0x005F529C,CONFIRMED,RTTI COL walk (SAHRDiag live)
Scrooby::TextBible,0x005F42D4,CONFIRMED,RTTI COL walk (SAHRDiag live)
Scrooby::Project,0x005F44E8,CONFIRMED,RTTI COL walk (SAHRDiag live)
FeProject,0x005F451C,CONFIRMED,RTTI COL walk (SAHRDiag live)
Scrooby::Screen,0x005F410C,CONFIRMED,RTTI COL walk (SAHRDiag live)
FeScreen,0x005F4190,CONFIRMED,RTTI COL walk (SAHRDiag live)
PAVFeProject::?$rVector,0x005F3FDC,CONFIRMED,RTTI COL walk (SAHRDiag live)
FeApp,0x005F4004,CONFIRMED,RTTI COL walk (SAHRDiag live)
Scrooby::Owner,0x005F40D8,CONFIRMED,RTTI COL walk (SAHRDiag live)
FeParent,0x005F5A1C,CONFIRMED,RTTI COL walk (SAHRDiag live)
FeEntity,0x005F5A68,CONFIRMED,RTTI COL walk (SAHRDiag live)
FeDrawable,0x005F5974,CONFIRMED,RTTI COL walk (SAHRDiag live)
FeOwner,0x005F586C,CONFIRMED,RTTI COL walk (SAHRDiag live)
Scrooby::Page,0x005F5648,CONFIRMED,RTTI COL walk (SAHRDiag live)
PAVFeLanguage::?$rVector,0x005F42E0,CONFIRMED,RTTI COL walk (SAHRDiag live)
FeTextBible,0x005F42E8,CONFIRMED,RTTI COL walk (SAHRDiag live)
FeResourceManager::ResourceManagerEntryBase,0x005F4344,CONFIRMED,RTTI COL walk (SAHRDiag live)
FeResourceManager::AliasEntry,0x005F435C,CONFIRMED,RTTI COL walk (SAHRDiag live)
Scrooby::ResourceManager,0x005F4364,CONFIRMED,RTTI COL walk (SAHRDiag live)
FeResourceManager::PAVResourceEntry::?$rVector,0x005F437C,CONFIRMED,RTTI COL walk (SAHRDiag live)
FeResourceManager::PAVAliasEntry::?$rVector,0x005F4384,CONFIRMED,RTTI COL walk (SAHRDiag live)
FeResourceManager::PAUPure3dAttributesEntry::?$rVector,0x005F438C,CONFIRMED,RTTI COL walk (SAHRDiag live)
FeResourceManager::ResourceEntry,0x005F4394,CONFIRMED,RTTI COL walk (SAHRDiag live)
FeResourceManager::Pure3dAttributesEntry,0x005F43AC,CONFIRMED,RTTI COL walk (SAHRDiag live)
FeResourceManager::P3DCallback,0x005F43C4,CONFIRMED,RTTI COL walk (SAHRDiag live)
FeResourceManager,0x005F43F4,CONFIRMED,RTTI COL walk (SAHRDiag live)
XMLTree,0x005F44C8,CONFIRMED,RTTI COL walk (SAHRDiag live)
Scrooby::ResourceManagerCallback,0x005F44DC,CONFIRMED,RTTI COL walk (SAHRDiag live)
FeTextStyle,0x005F4638,CONFIRMED,RTTI COL walk (SAHRDiag live)
Scrooby::Polygon,0x005F4654,CONFIRMED,RTTI COL walk (SAHRDiag live)
FePolygon,0x005F46DC,CONFIRMED,RTTI COL walk (SAHRDiag live)
Scenegraph::Iterator,0x005F9EE0,CONFIRMED,RTTI COL walk (SAHRDiag live)
Scenegraph::LightGroupIterator,0x005F47E8,CONFIRMED,RTTI COL walk (SAHRDiag live)
Scrooby::Pure3dObject,0x005F4924,CONFIRMED,RTTI COL walk (SAHRDiag live)
FeBoundedDrawable,0x005F5ADC,CONFIRMED,RTTI COL walk (SAHRDiag live)
FePure3dObject,0x005F4A1C,CONFIRMED,RTTI COL walk (SAHRDiag live)
PAVPascalCString::?$rVector,0x005F4DC8,CONFIRMED,RTTI COL walk (SAHRDiag live)
FeSprite,0x005F4DD0,CONFIRMED,RTTI COL walk (SAHRDiag live)
FeText,0x005F505C,CONFIRMED,RTTI COL walk (SAHRDiag live)
FeTextChildHardCodedString,0x005F521C,CONFIRMED,RTTI COL walk (SAHRDiag live)
FeTextChildTextBibleString,0x005F5240,CONFIRMED,RTTI COL walk (SAHRDiag live)
Scrooby::Group,0x005F52B8,CONFIRMED,RTTI COL walk (SAHRDiag live)
FeGroup,0x005F5368,CONFIRMED,RTTI COL walk (SAHRDiag live)
Scrooby::Layer,0x005F54A0,CONFIRMED,RTTI COL walk (SAHRDiag live)
FeLayer,0x005F5538,CONFIRMED,RTTI COL walk (SAHRDiag live)
H::?$rVector,0x005F56FC,CONFIRMED,RTTI COL walk (SAHRDiag live)
FePage,0x005F5704,CONFIRMED,RTTI COL walk (SAHRDiag live)
Scrooby::FeProjectChunkHandler,0x005F5830,CONFIRMED,RTTI COL walk (SAHRDiag live)
PAVXMLAttribute::?$rVector,0x005F5A80,CONFIRMED,RTTI COL walk (SAHRDiag live)
PAVXMLNode::?$rVector,0x005F5A88,CONFIRMED,RTTI COL walk (SAHRDiag live)
XMLNode,0x005F5A90,CONFIRMED,RTTI COL walk (SAHRDiag live)
XMLParser,0x005F5A98,CONFIRMED,RTTI COL walk (SAHRDiag live)
FeEntityDummy,0x005F5AB0,CONFIRMED,RTTI COL walk (SAHRDiag live)
tLinearTable,0x005F5AC8,CONFIRMED,RTTI COL walk (SAHRDiag live)
radSoundObject,0x005F5C04,CONFIRMED,RTTI COL walk (SAHRDiag live)
IRadSoundHalSystem,0x005F5C18,CONFIRMED,RTTI COL walk (SAHRDiag live)
radSoundHalSystem,0x005F5C54,CONFIRMED,RTTI COL walk (SAHRDiag live)
IRadSoundHalListener,0x005F5D14,CONFIRMED,RTTI COL walk (SAHRDiag live)
radSoundHalListener,0x005F5D60,CONFIRMED,RTTI COL walk (SAHRDiag live)
IRadSoundHalDataSource,0x005F5DDC,CONFIRMED,RTTI COL walk (SAHRDiag live)
IRadSoundRsdFileDataSource,0x005F5E44,CONFIRMED,RTTI COL walk (SAHRDiag live)
radSoundRsdFileDataSource,0x005F5E00,CONFIRMED,RTTI COL walk (SAHRDiag live)
radSoundUpdatableObject,0x005F5E8C,CONFIRMED,RTTI COL walk (SAHRDiag live)
IRadSoundClip,0x005F5E98,CONFIRMED,RTTI COL walk (SAHRDiag live)
IRadSoundHalBufferLoadCallback,0x005F5EC4,CONFIRMED,RTTI COL walk (SAHRDiag live)
IRadSoundHalBufferClearCallback,0x005F5ED4,CONFIRMED,RTTI COL walk (SAHRDiag live)
radSoundClip,0x005F5EE4,CONFIRMED,RTTI COL walk (SAHRDiag live)
IRadSoundClipPlayer,0x005F5FA4,CONFIRMED,RTTI COL walk (SAHRDiag live)
radSoundClipPlayer,0x005F6018,CONFIRMED,RTTI COL walk (SAHRDiag live)
IRadSoundHalPositionalGroup,0x005F60B4,CONFIRMED,RTTI COL walk (SAHRDiag live)
radSoundHalPositionalGroup,0x005F6100,CONFIRMED,RTTI COL walk (SAHRDiag live)
IRadSoundHalDataSourceCallback,0x005F6398,CONFIRMED,RTTI COL walk (SAHRDiag live)
IRadSoundAdpcmDecodeStream,0x005F63A8,CONFIRMED,RTTI COL walk (SAHRDiag live)
RadicalAdpcmDecodeStream,0x005F6338,CONFIRMED,RTTI COL walk (SAHRDiag live)
IRadSoundHalAudioFormat,0x005F63D4,CONFIRMED,RTTI COL walk (SAHRDiag live)
radSoundHalAudioFormat,0x005F643C,CONFIRMED,RTTI COL walk (SAHRDiag live)
IRadSoundStreamPlayer,0x005F64C4,CONFIRMED,RTTI COL walk (SAHRDiag live)
radSoundStreamPlayer,0x005F6548,CONFIRMED,RTTI COL walk (SAHRDiag live)
IRadSoundStitchedDataSource,0x005F6678,CONFIRMED,RTTI COL walk (SAHRDiag live)
radSoundStitchedDataSource,0x005F6610,CONFIRMED,RTTI COL walk (SAHRDiag live)
IRadSoundBufferedDataSource,0x005F6740,CONFIRMED,RTTI COL walk (SAHRDiag live)
radSoundBufferedDataSource,0x005F66CC,CONFIRMED,RTTI COL walk (SAHRDiag live)
IRadSoundHalMemoryRegion,0x005F67B8,CONFIRMED,RTTI COL walk (SAHRDiag live)
radSoundHalMemoryRegion,0x005F67E0,CONFIRMED,RTTI COL walk (SAHRDiag live)
IRadSoundHalEffectEAX2Reverb,0x005F68CC,CONFIRMED,RTTI COL walk (SAHRDiag live)
radSoundHalEffectEAX2Reverb,0x005F6848,CONFIRMED,RTTI COL walk (SAHRDiag live)
IRadSoundHalBuffer,0x005F6960,CONFIRMED,RTTI COL walk (SAHRDiag live)
radSoundHalBufferWin,0x005F69C8,CONFIRMED,RTTI COL walk (SAHRDiag live)
radSoundHalPositionalEntity,0x005F6A2C,CONFIRMED,RTTI COL walk (SAHRDiag live)
IRadSoundHalVoice,0x005F6A34,CONFIRMED,RTTI COL walk (SAHRDiag live)
radSoundHalVoiceWin,0x005F6AA4,CONFIRMED,RTTI COL walk (SAHRDiag live)
radSoundBufferLoaderWin,0x005F6B6C,CONFIRMED,RTTI COL walk (SAHRDiag live)
IRadNameSpace,0x005F6B84,CONFIRMED,RTTI COL walk (SAHRDiag live)
radFactoryNode,0x005F6B94,CONFIRMED,RTTI COL walk (SAHRDiag live)
IRadObjectList,0x005F6B9C,CONFIRMED,RTTI COL walk (SAHRDiag live)
IRadTypeInfoSystem,0x005F6BB0,CONFIRMED,RTTI COL walk (SAHRDiag live)
IRadTypeInfoLoader,0x005F6C64,CONFIRMED,RTTI COL walk (SAHRDiag live)
radTypeInfoLoader,0x005F6C74,CONFIRMED,RTTI COL walk (SAHRDiag live)
IRadTypeInfoIntLiteral,0x005F6C9C,CONFIRMED,RTTI COL walk (SAHRDiag live)
IRadTypeInfoParam,0x005F6CB0,CONFIRMED,RTTI COL walk (SAHRDiag live)
radObjectListNode,0x005F6CC8,CONFIRMED,RTTI COL walk (SAHRDiag live)
IRadTypeInfoEnum,0x005F6CD0,CONFIRMED,RTTI COL walk (SAHRDiag live)
IRadTypeInfoMethod,0x005F6CE4,CONFIRMED,RTTI COL walk (SAHRDiag live)
IRadTypeInfo,0x005F6CF8,CONFIRMED,RTTI COL walk (SAHRDiag live)
IRadScript,0x005F6D5C,CONFIRMED,RTTI COL walk (SAHRDiag live)
radmusic::radload_radmusic_inventory,0x005F6DA4,CONFIRMED,RTTI COL walk (SAHRDiag live)
radmusic::radmusic_file_loader,0x005F6DB8,CONFIRMED,RTTI COL walk (SAHRDiag live)
radmusic::composition_data_loader,0x005F6DCC,CONFIRMED,RTTI COL walk (SAHRDiag live)
radmusic::stream_graph_callback,0x005F7004,CONFIRMED,RTTI COL walk (SAHRDiag live)
IRadMoviePlayer2,0x005F70BC,CONFIRMED,RTTI COL walk (SAHRDiag live)
radMoviePlayerBink,0x005F7100,CONFIRMED,RTTI COL walk (SAHRDiag live)
IRadMovieRenderStrategy,0x005F717C,CONFIRMED,RTTI COL walk (SAHRDiag live)
radMovieRenderStrategyBink,0x005F7154,CONFIRMED,RTTI COL walk (SAHRDiag live)
BinkCallback,0x005F71D8,CONFIRMED,RTTI COL walk (SAHRDiag live)
radMemoryAllocatorMalloc,0x005F7308,CONFIRMED,RTTI COL walk (SAHRDiag live)
IRadTimerList,0x005F7354,CONFIRMED,RTTI COL walk (SAHRDiag live)
radTimerList,0x005F7334,CONFIRMED,RTTI COL walk (SAHRDiag live)
radTimer,0x005F736C,CONFIRMED,RTTI COL walk (SAHRDiag live)
IRadControllerOutputPoint,0x005F73B0,CONFIRMED,RTTI COL walk (SAHRDiag live)
ControllerOutputPointDirectInput,0x005F73E0,CONFIRMED,RTTI COL walk (SAHRDiag live)
IRadControllerSystem,0x005F7434,CONFIRMED,RTTI COL walk (SAHRDiag live)
IRadControllerInputPointDirectInput,0x005F746C,CONFIRMED,RTTI COL walk (SAHRDiag live)
IRadControllerDirectInput,0x005F74B4,CONFIRMED,RTTI COL walk (SAHRDiag live)
radControllerInputPointDirectInput,0x005F7508,CONFIRMED,RTTI COL walk (SAHRDiag live)
radControllerDirectInput,0x005F75CC,CONFIRMED,RTTI COL walk (SAHRDiag live)
radControllerSystemDirectInput,0x005F7628,CONFIRMED,RTTI COL walk (SAHRDiag live)
IRadDbgComChannelReceiveCallback,0x005F7668,CONFIRMED,RTTI COL walk (SAHRDiag live)
IRadDbgComChannelSendCallback,0x005F7678,CONFIRMED,RTTI COL walk (SAHRDiag live)
radPlatform,0x005F7688,CONFIRMED,RTTI COL walk (SAHRDiag live)
StaticHeap,0x005F7744,CONFIRMED,RTTI COL walk (SAHRDiag live)
TrackingHeap,0x005F77B0,CONFIRMED,RTTI COL walk (SAHRDiag live)
radMemoryDlAllocator,0x005F781C,CONFIRMED,RTTI COL walk (SAHRDiag live)
IRadThreadLocalStorage,0x005F789C,CONFIRMED,RTTI COL walk (SAHRDiag live)
radThreadLocalStorage,0x005F78B0,CONFIRMED,RTTI COL walk (SAHRDiag live)
IRadThreadFiber,0x005F78CC,CONFIRMED,RTTI COL walk (SAHRDiag live)
radThreadFiber,0x005F78E4,CONFIRMED,RTTI COL walk (SAHRDiag live)
IRadThread,0x005F7904,CONFIRMED,RTTI COL walk (SAHRDiag live)
radThread,0x005F7928,CONFIRMED,RTTI COL walk (SAHRDiag live)
radObjectBTree,0x005F7990,CONFIRMED,RTTI COL walk (SAHRDiag live)
MemorySpaceAsyncRequest_Copy,0x005F79A0,CONFIRMED,RTTI COL walk (SAHRDiag live)
IRadString,0x005F79B4,CONFIRMED,RTTI COL walk (SAHRDiag live)
radString,0x005F7A18,CONFIRMED,RTTI COL walk (SAHRDiag live)
ExternalMemoryHeap,0x005F7A88,CONFIRMED,RTTI COL walk (SAHRDiag live)
ExternalMemoryObject,0x005F7AD4,CONFIRMED,RTTI COL walk (SAHRDiag live)
MemoryPool,0x005F7AF0,CONFIRMED,RTTI COL walk (SAHRDiag live)
IRadWeakInterfaceWrapper,0x005F7B34,CONFIRMED,RTTI COL walk (SAHRDiag live)
radWeakInterfaceWrapper,0x005F7B48,CONFIRMED,RTTI COL walk (SAHRDiag live)
IRadWeakCallbackWrapper,0x005F7B64,CONFIRMED,RTTI COL walk (SAHRDiag live)
radWeakCallbackWrapper,0x005F7B80,CONFIRMED,RTTI COL walk (SAHRDiag live)
IRadThreadMutex,0x005F7BC0,CONFIRMED,RTTI COL walk (SAHRDiag live)
radThreadMutex,0x005F7BA4,CONFIRMED,RTTI COL walk (SAHRDiag live)
IRadMutable,0x005F7BD4,CONFIRMED,RTTI COL walk (SAHRDiag live)
radFile,0x005F7BE8,CONFIRMED,RTTI COL walk (SAHRDiag live)
radInstanceDrive,0x005F7C94,CONFIRMED,RTTI COL walk (SAHRDiag live)
radRequest,0x005F7D60,CONFIRMED,RTTI COL walk (SAHRDiag live)
CompletionEventRequest,0x005F7D78,CONFIRMED,RTTI COL walk (SAHRDiag live)
FileCompletionRequest,0x005F7D90,CONFIRMED,RTTI COL walk (SAHRDiag live)
DriveCompletionRequest,0x005F7DAC,CONFIRMED,RTTI COL walk (SAHRDiag live)
radFileRequest,0x005F7DC8,CONFIRMED,RTTI COL walk (SAHRDiag live)
FileOpenRequest,0x005F7DE4,CONFIRMED,RTTI COL walk (SAHRDiag live)
SaveGameOpenRequest,0x005F7E00,CONFIRMED,RTTI COL walk (SAHRDiag live)
FileCloseRequest,0x005F7E1C,CONFIRMED,RTTI COL walk (SAHRDiag live)
FileCommitRequest,0x005F7E38,CONFIRMED,RTTI COL walk (SAHRDiag live)
FileReadRequest,0x005F7E54,CONFIRMED,RTTI COL walk (SAHRDiag live)
FileWriteRequest,0x005F7E70,CONFIRMED,RTTI COL walk (SAHRDiag live)
FileSetPositionRequest,0x005F7E8C,CONFIRMED,RTTI COL walk (SAHRDiag live)
FileGetPositionRequest,0x005F7EA8,CONFIRMED,RTTI COL walk (SAHRDiag live)
FileGetSizeRequest,0x005F7EC4,CONFIRMED,RTTI COL walk (SAHRDiag live)
FileCancelRequest,0x005F7EE0,CONFIRMED,RTTI COL walk (SAHRDiag live)
radDriveRequest,0x005F7EFC,CONFIRMED,RTTI COL walk (SAHRDiag live)
DriveOpenRequest,0x005F7F14,CONFIRMED,RTTI COL walk (SAHRDiag live)
DriveMediaRequest,0x005F7F2C,CONFIRMED,RTTI COL walk (SAHRDiag live)
DriveFormatRequest,0x005F7F44,CONFIRMED,RTTI COL walk (SAHRDiag live)
DriveCreateDirectoryRequest,0x005F7F5C,CONFIRMED,RTTI COL walk (SAHRDiag live)
DriveDestroyDirectoryRequest,0x005F7F74,CONFIRMED,RTTI COL walk (SAHRDiag live)
DriveFindFirstRequest,0x005F7F8C,CONFIRMED,RTTI COL walk (SAHRDiag live)
DriveFindNextRequest,0x005F7FA4,CONFIRMED,RTTI COL walk (SAHRDiag live)
DriveFindCloseRequest,0x005F7FBC,CONFIRMED,RTTI COL walk (SAHRDiag live)
DriveFileDestroyRequest,0x005F7FD4,CONFIRMED,RTTI COL walk (SAHRDiag live)
DriveCancelRequest,0x005F7FEC,CONFIRMED,RTTI COL walk (SAHRDiag live)
radSafeRefCount,0x005F8014,CONFIRMED,RTTI COL walk (SAHRDiag live)
radDrive,0x005F8024,CONFIRMED,RTTI COL walk (SAHRDiag live)
IRadCementLibrary,0x005F80D4,CONFIRMED,RTTI COL walk (SAHRDiag live)
radCementLibrary,0x005F8090,CONFIRMED,RTTI COL walk (SAHRDiag live)
radWin32Drive,0x005F8108,CONFIRMED,RTTI COL walk (SAHRDiag live)
radRemoteDrive,0x005F8188,CONFIRMED,RTTI COL walk (SAHRDiag live)
radDriveThread,0x005F8218,CONFIRMED,RTTI COL walk (SAHRDiag live)
IRadThreadSemaphore,0x005F8258,CONFIRMED,RTTI COL walk (SAHRDiag live)
radThreadSemaphore,0x005F823C,CONFIRMED,RTTI COL walk (SAHRDiag live)
PtrHashTable,0x005F8280,CONFIRMED,RTTI COL walk (SAHRDiag live)
radLoadManager,0x005F829C,CONFIRMED,RTTI COL walk (SAHRDiag live)
radLoadRequest,0x005F83B8,CONFIRMED,RTTI COL walk (SAHRDiag live)
radLoadUpdatableRequest,0x005F83CC,CONFIRMED,RTTI COL walk (SAHRDiag live)
radLoadManager::QueueItem,0x005F82F0,CONFIRMED,RTTI COL walk (SAHRDiag live)
PtrQueue,0x005F846C,CONFIRMED,RTTI COL walk (SAHRDiag live)
VradLoadFileLoader::?$RefHashTable,0x005F8304,CONFIRMED,RTTI COL walk (SAHRDiag live)
VradLoadDataLoader::?$RefHashTable,0x005F831C,CONFIRMED,RTTI COL walk (SAHRDiag live)
VradLoadObject::?$RefQueue,0x005F8334,CONFIRMED,RTTI COL walk (SAHRDiag live)
VradLoadCallback::?$RefQueue,0x005F834C,CONFIRMED,RTTI COL walk (SAHRDiag live)
radLoadHashedStore,0x005F8368,CONFIRMED,RTTI COL walk (SAHRDiag live)
UIRefCount::?$RefHashTable,0x005F83A0,CONFIRMED,RTTI COL walk (SAHRDiag live)
radLoadBaseStream,0x005F83E0,CONFIRMED,RTTI COL walk (SAHRDiag live)
radLoadDataStream,0x005F8404,CONFIRMED,RTTI COL walk (SAHRDiag live)
radLoadFileStream,0x005F8428,CONFIRMED,RTTI COL walk (SAHRDiag live)
radLoadFileStream::Callback,0x005F844C,CONFIRMED,RTTI COL walk (SAHRDiag live)
tPose,0x005F84A0,CONFIRMED,RTTI COL walk (SAHRDiag live)
tMultiControllerLoader,0x005F84F8,CONFIRMED,RTTI COL walk (SAHRDiag live)
tEntityTable,0x005F85E0,CONFIRMED,RTTI COL walk (SAHRDiag live)
tEntityStore,0x005F861C,CONFIRMED,RTTI COL walk (SAHRDiag live)
tSafeCasterObj,0x005F865C,CONFIRMED,RTTI COL walk (SAHRDiag live)
tInventory,0x005F874C,CONFIRMED,RTTI COL walk (SAHRDiag live)
tShaderLoader,0x005F87A8,CONFIRMED,RTTI COL walk (SAHRDiag live)
RadcoreMemAdapt,0x005F87E4,CONFIRMED,RTTI COL walk (SAHRDiag live)
tView,0x005F87F4,CONFIRMED,RTTI COL walk (SAHRDiag live)
tLight,0x005F880C,CONFIRMED,RTTI COL walk (SAHRDiag live)
PAVtLight::?$tArray,0x005F8830,CONFIRMED,RTTI COL walk (SAHRDiag live)
tAmbientLight,0x005FAF8C,CONFIRMED,RTTI COL walk (SAHRDiag live)
PAVtLight::?$tPtrArray,0x005F884C,CONFIRMED,RTTI COL walk (SAHRDiag live)
tLoadManager,0x005F8884,CONFIRMED,RTTI COL walk (SAHRDiag live)
tP3DFileHandler,0x005F88F4,CONFIRMED,RTTI COL walk (SAHRDiag live)
tLoadRequest::InternalCallback,0x005F889C,CONFIRMED,RTTI COL walk (SAHRDiag live)
tTempStore,0x005F88B4,CONFIRMED,RTTI COL walk (SAHRDiag live)
tLoadRequest,0x005F8910,CONFIRMED,RTTI COL walk (SAHRDiag live)
tAnimationFrameController,0x005F9974,CONFIRMED,RTTI COL walk (SAHRDiag live)
tBlendFrameController,0x005F9B24,CONFIRMED,RTTI COL walk (SAHRDiag live)
tPointCamera,0x005F8994,CONFIRMED,RTTI COL walk (SAHRDiag live)
tChunkFile,0x005F8A34,CONFIRMED,RTTI COL walk (SAHRDiag live)
tStateSequencerCommand,0x005F8A60,CONFIRMED,RTTI COL walk (SAHRDiag live)
tStateTransition,0x005F8A6C,CONFIRMED,RTTI COL walk (SAHRDiag live)
tSequencerState,0x005F8A78,CONFIRMED,RTTI COL walk (SAHRDiag live)
tEventOrigin,0x005F8A88,CONFIRMED,RTTI COL walk (SAHRDiag live)
PAVtSequencerState::?$tArray,0x005F8C14,CONFIRMED,RTTI COL walk (SAHRDiag live)
tEventAnimTextLoader,0x005F8C28,CONFIRMED,RTTI COL walk (SAHRDiag live)
tEventOriginSequencer,0x005F8C4C,CONFIRMED,RTTI COL walk (SAHRDiag live)
tSequencerLoader,0x005F8C6C,CONFIRMED,RTTI COL walk (SAHRDiag live)
tSEQFileHandler,0x005F8D44,CONFIRMED,RTTI COL walk (SAHRDiag live)
PAVtSequencerState::?$tPtrArray,0x005F8D60,CONFIRMED,RTTI COL walk (SAHRDiag live)
VtSubPartState::?$tArray,0x005F8D6C,CONFIRMED,RTTI COL walk (SAHRDiag live)
VtBlendFrameController::?$SafeCast,0x005F8D78,CONFIRMED,RTTI COL walk (SAHRDiag live)
tSequencer,0x005F8D80,CONFIRMED,RTTI COL walk (SAHRDiag live)
tFile,0x005F919C,CONFIRMED,RTTI COL walk (SAHRDiag live)
tFileMem,0x005F91D8,CONFIRMED,RTTI COL walk (SAHRDiag live)
tTextureFontLoader,0x005F9270,CONFIRMED,RTTI COL walk (SAHRDiag live)
tTextureLoader,0x005F92D4,CONFIRMED,RTTI COL walk (SAHRDiag live)
tSetLoader,0x005F92B0,CONFIRMED,RTTI COL walk (SAHRDiag live)
tCameraLoader,0x005F9304,CONFIRMED,RTTI COL walk (SAHRDiag live)
tGameAttr,0x005F9334,CONFIRMED,RTTI COL walk (SAHRDiag live)
tGameAttrLoader,0x005F9374,CONFIRMED,RTTI COL walk (SAHRDiag live)
tLightLoader,0x005F93A4,CONFIRMED,RTTI COL walk (SAHRDiag live)
tLightGroupLoader,0x005F93D0,CONFIRMED,RTTI COL walk (SAHRDiag live)
VtLight::?$SafeCast,0x005F93FC,CONFIRMED,RTTI COL walk (SAHRDiag live)
tLocator,0x005F9408,CONFIRMED,RTTI COL walk (SAHRDiag live)
tLocatorLoader,0x005F9418,CONFIRMED,RTTI COL walk (SAHRDiag live)
tImage,0x005F9448,CONFIRMED,RTTI COL walk (SAHRDiag live)
tImage8,0x005F947C,CONFIRMED,RTTI COL walk (SAHRDiag live)
tImage32,0x005F94CC,CONFIRMED,RTTI COL walk (SAHRDiag live)
tImageLoader,0x005F94FC,CONFIRMED,RTTI COL walk (SAHRDiag live)
tImageFont,0x005F952C,CONFIRMED,RTTI COL walk (SAHRDiag live)
tImageFontLoader,0x005F9570,CONFIRMED,RTTI COL walk (SAHRDiag live)
tSpriteLoader,0x005F95C0,CONFIRMED,RTTI COL walk (SAHRDiag live)
tSkeleton::VJoint::?$tArray,0x005F9600,CONFIRMED,RTTI COL walk (SAHRDiag live)
tSkeletonLoader,0x005F961C,CONFIRMED,RTTI COL walk (SAHRDiag live)
tPosable,0x005F968C,CONFIRMED,RTTI COL walk (SAHRDiag live)
PAVtPrimGroup::?$tArray,0x005F9694,CONFIRMED,RTTI COL walk (SAHRDiag live)
tPolySkin,0x005F96D4,CONFIRMED,RTTI COL walk (SAHRDiag live)
tPolySkinLoader,0x005F970C,CONFIRMED,RTTI COL walk (SAHRDiag live)
PAVtPrimGroup::?$tPtrArray,0x005F973C,CONFIRMED,RTTI COL walk (SAHRDiag live)
tExpressionOffsets,0x005FB0E0,CONFIRMED,RTTI COL walk (SAHRDiag live)
tCompositeDrawable::PAVDrawableElement::?$tArray,0x005F9788,CONFIRMED,RTTI COL walk (SAHRDiag live)
tCompositeDrawable::DrawablePropElement,0x005F9794,CONFIRMED,RTTI COL walk (SAHRDiag live)
tCompositeDrawable::DrawablePoseElement,0x005F97C4,CONFIRMED,RTTI COL walk (SAHRDiag live)
tCompositeDrawableLoader,0x005F9820,CONFIRMED,RTTI COL walk (SAHRDiag live)
VtEffect::?$SafeCast,0x005F9854,CONFIRMED,RTTI COL walk (SAHRDiag live)
tCompositeDrawable::PAVDrawableElement::?$tPtrDynamicArray,0x005F9898,CONFIRMED,RTTI COL walk (SAHRDiag live)
tOffsetIndexList,0x005F98A8,CONFIRMED,RTTI COL walk (SAHRDiag live)
tVectorOffsetList,0x005F98B8,CONFIRMED,RTTI COL walk (SAHRDiag live)
tVector2OffsetList,0x005F98C8,CONFIRMED,RTTI COL walk (SAHRDiag live)
tVertexAnimKey,0x005F98D8,CONFIRMED,RTTI COL walk (SAHRDiag live)
tColourOffsetList,0x005F98E8,CONFIRMED,RTTI COL walk (SAHRDiag live)
tVertexAnimKeyLoader,0x005F98F8,CONFIRMED,RTTI COL walk (SAHRDiag live)
tSimpleFrameController,0x005F99C4,CONFIRMED,RTTI COL walk (SAHRDiag live)
tAnimationMemoryBlock,0x005F9A64,CONFIRMED,RTTI COL walk (SAHRDiag live)
tAnimationGroup,0x005F9A74,CONFIRMED,RTTI COL walk (SAHRDiag live)
tFrameControllerLoader,0x005F9A90,CONFIRMED,RTTI COL walk (SAHRDiag live)
tAnimationLoader,0x005F9AC4,CONFIRMED,RTTI COL walk (SAHRDiag live)
VtAnimatedObject::?$SafeCast,0x005F9AF0,CONFIRMED,RTTI COL walk (SAHRDiag live)
tAnimatedObject,0x005F9BF8,CONFIRMED,RTTI COL walk (SAHRDiag live)
VtExpressionMixer::?$SafeCast,0x005F9B00,CONFIRMED,RTTI COL walk (SAHRDiag live)
tExpressionMixer,0x005FA028,CONFIRMED,RTTI COL walk (SAHRDiag live)
VtGeometry::?$SafeCast,0x005F9B18,CONFIRMED,RTTI COL walk (SAHRDiag live)
Scenegraph::Node,0x005F9D80,CONFIRMED,RTTI COL walk (SAHRDiag live)
Scenegraph::Transform,0x005F9EFC,CONFIRMED,RTTI COL walk (SAHRDiag live)
tAnimatedObjectAnimation,0x005F9BE8,CONFIRMED,RTTI COL walk (SAHRDiag live)
tAnimatedObjectFrameController,0x005F9C1C,CONFIRMED,RTTI COL walk (SAHRDiag live)
tAnimatedObjectFactoryLoader,0x005F9C60,CONFIRMED,RTTI COL walk (SAHRDiag live)
tAnimatedObjectLoader,0x005F9C8C,CONFIRMED,RTTI COL walk (SAHRDiag live)
tCompDrawVisibilityAnimationController,0x005FB2CC,CONFIRMED,RTTI COL walk (SAHRDiag live)
tParticleSystemFactoryLoader,0x005F9CC4,CONFIRMED,RTTI COL walk (SAHRDiag live)
tParticleSystemLoader,0x005F9CF0,CONFIRMED,RTTI COL walk (SAHRDiag live)
VtParticleSystemFactory::?$SafeCast,0x005F9D1C,CONFIRMED,RTTI COL walk (SAHRDiag live)
tParticleSystemFactory,0x005FA590,CONFIRMED,RTTI COL walk (SAHRDiag live)
tLensFlareGroupLoader,0x005F9D28,CONFIRMED,RTTI COL walk (SAHRDiag live)
Scenegraph::ShaderVisitor,0x005F9D78,CONFIRMED,RTTI COL walk (SAHRDiag live)
Scenegraph::Drawable,0x005F9E38,CONFIRMED,RTTI COL walk (SAHRDiag live)
Scenegraph::LightGroup,0x005F9EA8,CONFIRMED,RTTI COL walk (SAHRDiag live)
Scenegraph::Branch,0x005F9DBC,CONFIRMED,RTTI COL walk (SAHRDiag live)
Scenegraph::Leaf,0x005F9E00,CONFIRMED,RTTI COL walk (SAHRDiag live)
Scenegraph::Camera,0x005F9E70,CONFIRMED,RTTI COL walk (SAHRDiag live)
Scenegraph::Attachment,0x005F9F44,CONFIRMED,RTTI COL walk (SAHRDiag live)
Scenegraph::Visibility,0x005F9F8C,CONFIRMED,RTTI COL walk (SAHRDiag live)
Scenegraph::Loader,0x005F9FD0,CONFIRMED,RTTI COL walk (SAHRDiag live)
Scenegraph::TranslucentDrawableCounter,0x005F9FFC,CONFIRMED,RTTI COL walk (SAHRDiag live)
tExpression,0x005FA018,CONFIRMED,RTTI COL walk (SAHRDiag live)
tExpressionGroupLoader::tExpressionStore,0x005FA054,CONFIRMED,RTTI COL walk (SAHRDiag live)
PAVtExpression::?$tArray,0x005FA094,CONFIRMED,RTTI COL walk (SAHRDiag live)
W4p3dExpressionStage::?$tArray,0x005FA0A0,CONFIRMED,RTTI COL walk (SAHRDiag live)
tExpressionLoader,0x005FA0AC,CONFIRMED,RTTI COL walk (SAHRDiag live)
tExpressionGroup,0x005FA0D8,CONFIRMED,RTTI COL walk (SAHRDiag live)
tExpressionGroupLoader,0x005FA0E8,CONFIRMED,RTTI COL walk (SAHRDiag live)
tExpressionMixerLoader,0x005FA114,CONFIRMED,RTTI COL walk (SAHRDiag live)
PAVtExpression::?$tPtrArray,0x005FA140,CONFIRMED,RTTI COL walk (SAHRDiag live)
VtExpressionGroup::?$SafeCast,0x005FA14C,CONFIRMED,RTTI COL walk (SAHRDiag live)
TextureBuilder,0x005FA1C8,CONFIRMED,RTTI COL walk (SAHRDiag live)
ImageBuilder,0x005FA2D8,CONFIRMED,RTTI COL walk (SAHRDiag live)
tRawImageHandler,0x005FA42C,CONFIRMED,RTTI COL walk (SAHRDiag live)
tDXTNHandler,0x005FA474,CONFIRMED,RTTI COL walk (SAHRDiag live)
tBaseEmitter,0x005FA730,CONFIRMED,RTTI COL walk (SAHRDiag live)
tSpriteEmitter,0x005FA784,CONFIRMED,RTTI COL walk (SAHRDiag live)
tParticleSystem,0x005FA5A4,CONFIRMED,RTTI COL walk (SAHRDiag live)
tBillboardQuad,0x005FA604,CONFIRMED,RTTI COL walk (SAHRDiag live)
PAVtBillboardQuad::?$tArray,0x005FA620,CONFIRMED,RTTI COL walk (SAHRDiag live)
PAVtBillboardQuad::?$tPtrArray,0x005FA658,CONFIRMED,RTTI COL walk (SAHRDiag live)
tBaseEmitterFactory,0x005FA714,CONFIRMED,RTTI COL walk (SAHRDiag live)
tSpriteEmitterFactory,0x005FA768,CONFIRMED,RTTI COL walk (SAHRDiag live)
tBaseParticle,0x005FA840,CONFIRMED,RTTI COL walk (SAHRDiag live)
tSpriteParticle,0x005FA854,CONFIRMED,RTTI COL walk (SAHRDiag live)
tParticlePool,0x005FA864,CONFIRMED,RTTI COL walk (SAHRDiag live)
tFileFTT,0x005FA878,CONFIRMED,RTTI COL walk (SAHRDiag live)
p3d::DefaultRouter,0x005FA974,CONFIRMED,RTTI COL walk (SAHRDiag live)
AdaptPDDI,0x005FA988,CONFIRMED,RTTI COL walk (SAHRDiag live)
tEventController,0x005FAA8C,CONFIRMED,RTTI COL walk (SAHRDiag live)
tBaseEvent,0x005FABD4,CONFIRMED,RTTI COL walk (SAHRDiag live)
tGenericEvent,0x005FABF0,CONFIRMED,RTTI COL walk (SAHRDiag live)
tImageConverter,0x005FAE68,CONFIRMED,RTTI COL walk (SAHRDiag live)
tSpotLight,0x005FAF14,CONFIRMED,RTTI COL walk (SAHRDiag live)
tDirectionalLight,0x005FAF3C,CONFIRMED,RTTI COL walk (SAHRDiag live)
tPointLight,0x005FAF64,CONFIRMED,RTTI COL walk (SAHRDiag live)
tPrimGroupLoader,0x005FAFB8,CONFIRMED,RTTI COL walk (SAHRDiag live)
tPrimGroup,0x005FAFCC,CONFIRMED,RTTI COL walk (SAHRDiag live)
tPrimGroupOptimised,0x005FAFF0,CONFIRMED,RTTI COL walk (SAHRDiag live)
tPrimGroupSkinnedOptimised,0x005FB014,CONFIRMED,RTTI COL walk (SAHRDiag live)
tPrimGroupStreamed,0x005FB038,CONFIRMED,RTTI COL walk (SAHRDiag live)
tPrimGroupSkinnedStreamed,0x005FB05C,CONFIRMED,RTTI COL walk (SAHRDiag live)
tPrimGroupSkinnedPC,0x005FB080,CONFIRMED,RTTI COL walk (SAHRDiag live)
tInstancedGeometry,0x005FB0F4,CONFIRMED,RTTI COL walk (SAHRDiag live)
tChannel,0x005FB120,CONFIRMED,RTTI COL walk (SAHRDiag live)
tIntChannel,0x005FB130,CONFIRMED,RTTI COL walk (SAHRDiag live)
tFloat1Channel,0x005FB140,CONFIRMED,RTTI COL walk (SAHRDiag live)
tFloat2Channel,0x005FB150,CONFIRMED,RTTI COL walk (SAHRDiag live)
tStringChannel,0x005FB160,CONFIRMED,RTTI COL walk (SAHRDiag live)
tEntityChannel,0x005FB16C,CONFIRMED,RTTI COL walk (SAHRDiag live)
tBoolChannel,0x005FB178,CONFIRMED,RTTI COL walk (SAHRDiag live)
tColourChannel,0x005FB188,CONFIRMED,RTTI COL walk (SAHRDiag live)
tEventChannel,0x005FB198,CONFIRMED,RTTI COL walk (SAHRDiag live)
tVector1DOFChannel,0x005FB1A4,CONFIRMED,RTTI COL walk (SAHRDiag live)
tVector2DOFChannel,0x005FB1B4,CONFIRMED,RTTI COL walk (SAHRDiag live)
tVector3DOFChannel,0x005FB1C4,CONFIRMED,RTTI COL walk (SAHRDiag live)
tQuaternionChannel,0x005FB1D4,CONFIRMED,RTTI COL walk (SAHRDiag live)
tCompressedQuaternionChannel,0x005FB1EC,CONFIRMED,RTTI COL walk (SAHRDiag live)
tSimpleVisibilityAnimationController,0x005FB20C,CONFIRMED,RTTI COL walk (SAHRDiag live)
tSceneGraphVisibilityAnimationController,0x005FB26C,CONFIRMED,RTTI COL walk (SAHRDiag live)
tShaderAnimationController,0x005FB334,CONFIRMED,RTTI COL walk (SAHRDiag live)
tVertexAnimController,0x005FB39C,CONFIRMED,RTTI COL walk (SAHRDiag live)
tGeometryOffset,0x005FB3F4,CONFIRMED,RTTI COL walk (SAHRDiag live)
tVertexOffsetList,0x005FB404,CONFIRMED,RTTI COL walk (SAHRDiag live)
tVertexAnimObject,0x005FB414,CONFIRMED,RTTI COL walk (SAHRDiag live)
Scenegraph::TransformAnimationController,0x005FB43C,CONFIRMED,RTTI COL walk (SAHRDiag live)
tLightAnimationController,0x005FB4A4,CONFIRMED,RTTI COL walk (SAHRDiag live)
tTextureAnimationController,0x005FB554,CONFIRMED,RTTI COL walk (SAHRDiag live)
tBillboardQuadGroupAnimationController,0x005FB5AC,CONFIRMED,RTTI COL walk (SAHRDiag live)
tExpressionAnimationController,0x005FB604,CONFIRMED,RTTI COL walk (SAHRDiag live)
tBaseGeneratorFactory,0x005FB690,CONFIRMED,RTTI COL walk (SAHRDiag live)
tBaseGenerator,0x005FB6A4,CONFIRMED,RTTI COL walk (SAHRDiag live)
tPointGeneratorFactory,0x005FB6C4,CONFIRMED,RTTI COL walk (SAHRDiag live)
tPlaneGeneratorFactory,0x005FB6D8,CONFIRMED,RTTI COL walk (SAHRDiag live)
tSphereGeneratorFactory,0x005FB6EC,CONFIRMED,RTTI COL walk (SAHRDiag live)
tPointGenerator,0x005FB700,CONFIRMED,RTTI COL walk (SAHRDiag live)
tPlaneGenerator,0x005FB720,CONFIRMED,RTTI COL walk (SAHRDiag live)
tSphereGenerator,0x005FB740,CONFIRMED,RTTI COL walk (SAHRDiag live)
tLensFlare,0x005FB764,CONFIRMED,RTTI COL walk (SAHRDiag live)
PAVtLensFlare::?$tArray,0x005FB778,CONFIRMED,RTTI COL walk (SAHRDiag live)
tOpticEffect,0x005FBB60,CONFIRMED,RTTI COL walk (SAHRDiag live)
tLensFlareGroup,0x005FB784,CONFIRMED,RTTI COL walk (SAHRDiag live)
PAVtLensFlare::?$tPtrArray,0x005FB7A8,CONFIRMED,RTTI COL walk (SAHRDiag live)
tVertexOffsetExpressionMixer,0x005FB7BC,CONFIRMED,RTTI COL walk (SAHRDiag live)
tParticleArray,0x005FBB34,CONFIRMED,RTTI COL walk (SAHRDiag live)
tVertexList,0x005FBB4C,CONFIRMED,RTTI COL walk (SAHRDiag live)
poser::Pose,0x005FCEBC,CONFIRMED,RTTI COL walk (SAHRDiag live)
poser::PoseEngine,0x005FCEFC,CONFIRMED,RTTI COL walk (SAHRDiag live)
choreo::RootBlender,0x005FCF10,CONFIRMED,RTTI COL walk (SAHRDiag live)
choreo::RootFixupDriver,0x005FCF34,CONFIRMED,RTTI COL walk (SAHRDiag live)
choreo::Puppet,0x005FCFA4,CONFIRMED,RTTI COL walk (SAHRDiag live)
choreo::AnimationDriver,0x005FD694,CONFIRMED,RTTI COL walk (SAHRDiag live)
choreo::LocomotionDriver,0x005FD1B0,CONFIRMED,RTTI COL walk (SAHRDiag live)
choreo::BlendSlot,0x005FD14C,CONFIRMED,RTTI COL walk (SAHRDiag live)
choreo::LocomotionSlot,0x005FD0BC,CONFIRMED,RTTI COL walk (SAHRDiag live)
choreo::LocomotionRootDriver,0x005FD10C,CONFIRMED,RTTI COL walk (SAHRDiag live)
choreo::VTransition::?$SafeCast,0x005FD1D8,CONFIRMED,RTTI COL walk (SAHRDiag live)
choreo::Transition,0x005FE57C,CONFIRMED,RTTI COL walk (SAHRDiag live)
choreo::VPartition::?$SafeCast,0x005FD1E0,CONFIRMED,RTTI COL walk (SAHRDiag live)
choreo::Partition,0x005FE6D8,CONFIRMED,RTTI COL walk (SAHRDiag live)
choreo::AnimationFrame,0x005FD5AC,CONFIRMED,RTTI COL walk (SAHRDiag live)
choreo::AnimationRootDriver,0x005FD5BC,CONFIRMED,RTTI COL walk (SAHRDiag live)
choreo::AnimationJointDriver,0x005FD5FC,CONFIRMED,RTTI COL walk (SAHRDiag live)
choreo::AnimationFootDriver,0x005FD64C,CONFIRMED,RTTI COL walk (SAHRDiag live)
choreo::RootTransformController,0x005FD73C,CONFIRMED,RTTI COL walk (SAHRDiag live)
choreo::RootDriverInternal,0x005FD780,CONFIRMED,RTTI COL walk (SAHRDiag live)
choreo::RootDriver,0x005FD7BC,CONFIRMED,RTTI COL walk (SAHRDiag live)
choreo::MultiBank,0x005FD7E8,CONFIRMED,RTTI COL walk (SAHRDiag live)
choreo::P3DEntityStoreWrapperBank,0x005FD808,CONFIRMED,RTTI COL walk (SAHRDiag live)
choreo::Engine,0x005FD868,CONFIRMED,RTTI COL walk (SAHRDiag live)
choreo::ScriptReader,0x005FD880,CONFIRMED,RTTI COL walk (SAHRDiag live)
choreo::StringFileReader,0x005FDDE0,CONFIRMED,RTTI COL walk (SAHRDiag live)
choreo::BlendSlotFootInfo,0x005FDE08,CONFIRMED,RTTI COL walk (SAHRDiag live)
choreo::BlendJointDriver,0x005FDE1C,CONFIRMED,RTTI COL walk (SAHRDiag live)
choreo::BlendFootDriver,0x005FDE6C,CONFIRMED,RTTI COL walk (SAHRDiag live)
choreo::Blend,0x005FDEB4,CONFIRMED,RTTI COL walk (SAHRDiag live)
choreo::BlendPhase,0x005FDEC8,CONFIRMED,RTTI COL walk (SAHRDiag live)
choreo::BlendDriver,0x005FDED8,CONFIRMED,RTTI COL walk (SAHRDiag live)
choreo::RigLeg,0x005FE1FC,CONFIRMED,RTTI COL walk (SAHRDiag live)
choreo::Rig,0x005FE20C,CONFIRMED,RTTI COL walk (SAHRDiag live)
choreo::FootBlender,0x005FE594,CONFIRMED,RTTI COL walk (SAHRDiag live)
choreo::JointBlender,0x005FE5BC,CONFIRMED,RTTI COL walk (SAHRDiag live)
choreo::VRig::?$SafeCast,0x005FE604,CONFIRMED,RTTI COL walk (SAHRDiag live)
choreo::Bank::RawIterator,0x005FE60C,CONFIRMED,RTTI COL walk (SAHRDiag live)
choreo::InclusivePartition,0x005FE6F4,CONFIRMED,RTTI COL walk (SAHRDiag live)
choreo::ExclusivePartition,0x005FE710,CONFIRMED,RTTI COL walk (SAHRDiag live)
choreo::UnionPartition,0x005FE72C,CONFIRMED,RTTI COL walk (SAHRDiag live)
choreo::IntersectPartition,0x005FE748,CONFIRMED,RTTI COL walk (SAHRDiag live)
choreo::CompletePartition,0x005FE764,CONFIRMED,RTTI COL walk (SAHRDiag live)
choreo::ReplayBlender,0x005FEA00,CONFIRMED,RTTI COL walk (SAHRDiag live)
choreo::Replay,0x005FEA54,CONFIRMED,RTTI COL walk (SAHRDiag live)
choreo::ReplayBuffer,0x005FEA68,CONFIRMED,RTTI COL walk (SAHRDiag live)
choreo::ReplayDriverInternal,0x005FEA78,CONFIRMED,RTTI COL walk (SAHRDiag live)
choreo::ReplayDriver,0x005FEAB4,CONFIRMED,RTTI COL walk (SAHRDiag live)
type_info,0x005FEBB4,CONFIRMED,RTTI COL walk (SAHRDiag live)
__non_rtti_object,0x005FECC8,CONFIRMED,RTTI COL walk (SAHRDiag live)
bad_typeid,0x005FECBC,CONFIRMED,RTTI COL walk (SAHRDiag live)
bad_cast,0x005FECB0,CONFIRMED,RTTI COL walk (SAHRDiag live)
IRadSoundMemorySpaceObject,0x0060434C,CONFIRMED,RTTI COL walk (SAHRDiag live)
radSoundMemorySpaceObject,0x00604370,CONFIRMED,RTTI COL walk (SAHRDiag live)
IRadSoundDataCache,0x006043B8,CONFIRMED,RTTI COL walk (SAHRDiag live)
radSoundDataCache,0x006043D4,CONFIRMED,RTTI COL walk (SAHRDiag live)
radSoundDataCacheDataSource,0x0060440C,CONFIRMED,RTTI COL walk (SAHRDiag live)
IRadSoundMemoryDataSource,0x006044B4,CONFIRMED,RTTI COL walk (SAHRDiag live)
radSoundMemoryDataSource,0x00604480,CONFIRMED,RTTI COL walk (SAHRDiag live)
SuperSprintDrawable,0x0060686C,CONFIRMED,RTTI COL walk (SAHRDiag live)
SuperSprintManager,0x0060688C,CONFIRMED,RTTI COL walk (SAHRDiag live)
GameplayManager,0x00612D00,CONFIRMED,RTTI COL walk (SAHRDiag live)
PresentationEvent::PresentationEventCallBack,0x00614A40,CONFIRMED,RTTI COL walk (SAHRDiag live)
Mappable,0x00614400,CONFIRMED,RTTI COL walk (SAHRDiag live)
tEntity,0x005F8488,CONFIRMED,RTTI COL walk (SAHRDiag live)
tDrawable,0x005F8A0C,CONFIRMED,RTTI COL walk (SAHRDiag live)
LoadingManager::ProcessRequestsCallback,0x0061746C,CONFIRMED,RTTI COL walk (SAHRDiag live)
EventListener,0x0061465C,CONFIRMED,RTTI COL walk (SAHRDiag live)
IRefCount,0x005F5C0C,CONFIRMED,RTTI COL walk (SAHRDiag live)
radLoadObject,0x005F826C,CONFIRMED,RTTI COL walk (SAHRDiag live)
ZoneEventLocator,0x00606DD0,CONFIRMED,RTTI COL walk (SAHRDiag live)
EventLocator,0x0060713C,CONFIRMED,RTTI COL walk (SAHRDiag live)
TriggerLocator,0x00606E90,CONFIRMED,RTTI COL walk (SAHRDiag live)
Locator,0x006070A4,CONFIRMED,RTTI COL walk (SAHRDiag live)
IHudMapIconLocator,0x00615E60,CONFIRMED,RTTI COL walk (SAHRDiag live)
TriggerVolumeTracker,0x00606E04,CONFIRMED,RTTI COL walk (SAHRDiag live)
TriggerVolume,0x00606E10,CONFIRMED,RTTI COL walk (SAHRDiag live)
tDrawable::ShaderCallback,0x0060CDB0,CONFIRMED,RTTI COL walk (SAHRDiag live)
IEntityDSG,0x0060CDB8,CONFIRMED,RTTI COL walk (SAHRDiag live)
StaticCamLocator,0x00606EC4,CONFIRMED,RTTI COL walk (SAHRDiag live)
SplineLocator,0x00606F0C,CONFIRMED,RTTI COL walk (SAHRDiag live)
SphereTriggerVolume,0x00606F40,CONFIRMED,RTTI COL walk (SAHRDiag live)
ScriptLocator,0x00606FC0,CONFIRMED,RTTI COL walk (SAHRDiag live)
RectTriggerVolume,0x00606FF4,CONFIRMED,RTTI COL walk (SAHRDiag live)
OcclusionLocator,0x00607070,CONFIRMED,RTTI COL walk (SAHRDiag live)
InteriorEntranceLocator,0x006070D4,CONFIRMED,RTTI COL walk (SAHRDiag live)
FOVLocator,0x00607108,CONFIRMED,RTTI COL walk (SAHRDiag live)
DirectionalLocator,0x00607170,CONFIRMED,RTTI COL walk (SAHRDiag live)
CarStartLocator,0x006071A0,CONFIRMED,RTTI COL walk (SAHRDiag live)
ActionEventLocator,0x006071D0,CONFIRMED,RTTI COL walk (SAHRDiag live)
VtAnimatedObjectFactory::?$SafeCast,0x005F9CB8,CONFIRMED,RTTI COL walk (SAHRDiag live)
CStatePropDataLoader,0x00607214,CONFIRMED,RTTI COL walk (SAHRDiag live)
tAnimatedObjectFactory,0x005F9BD8,CONFIRMED,RTTI COL walk (SAHRDiag live)
tChunkHandler,0x005F354C,CONFIRMED,RTTI COL walk (SAHRDiag live)
CStatePropData,0x00607204,CONFIRMED,RTTI COL walk (SAHRDiag live)
CStateProp,0x00607240,CONFIRMED,RTTI COL walk (SAHRDiag live)
PathSegment,0x00607250,CONFIRMED,RTTI COL walk (SAHRDiag live)
PathManager,0x006072A8,CONFIRMED,RTTI COL walk (SAHRDiag live)
CheatsDB,0x006072B0,CONFIRMED,RTTI COL walk (SAHRDiag live)
CheatInputSystem,0x006073BC,CONFIRMED,RTTI COL walk (SAHRDiag live)
CheatInputHandler,0x0060747C,CONFIRMED,RTTI COL walk (SAHRDiag live)
MemoryCardManager,0x00607514,CONFIRMED,RTTI COL walk (SAHRDiag live)
IRadDriveCompletionCallback,0x0060D054,CONFIRMED,RTTI COL walk (SAHRDiag live)
IRadDriveErrorCallback,0x00613248,CONFIRMED,RTTI COL walk (SAHRDiag live)
SaveGameInfo,0x00607580,CONFIRMED,RTTI COL walk (SAHRDiag live)
GameDataHandler,0x00614E68,CONFIRMED,RTTI COL walk (SAHRDiag live)
GameDataManager,0x00607618,CONFIRMED,RTTI COL walk (SAHRDiag live)
IRadFileCompletionCallback,0x005F5DCC,CONFIRMED,RTTI COL walk (SAHRDiag live)
Skidmark,0x00607730,CONFIRMED,RTTI COL walk (SAHRDiag live)
StaticEntityDSG,0x0060C910,CONFIRMED,RTTI COL walk (SAHRDiag live)
ParkedCarManager,0x006077CC,CONFIRMED,RTTI COL walk (SAHRDiag live)
CoinManager,0x006077E0,CONFIRMED,RTTI COL walk (SAHRDiag live)
ICheatEnteredCallback,0x00614BA0,CONFIRMED,RTTI COL walk (SAHRDiag live)
ChaseManager,0x006077FC,CONFIRMED,RTTI COL walk (SAHRDiag live)
SpawnManager,0x0060785C,CONFIRMED,RTTI COL walk (SAHRDiag live)
PedestrianManager,0x006078A8,CONFIRMED,RTTI COL walk (SAHRDiag live)
Pedestrian,0x006078CC,CONFIRMED,RTTI COL walk (SAHRDiag live)
NPCController,0x00607DAC,CONFIRMED,RTTI COL walk (SAHRDiag live)
CharacterController,0x00607E04,CONFIRMED,RTTI COL walk (SAHRDiag live)
TrafficManager,0x00607928,CONFIRMED,RTTI COL walk (SAHRDiag live)
TrafficVehicle,0x00607948,CONFIRMED,RTTI COL walk (SAHRDiag live)
CharacterTarget,0x006079F0,CONFIRMED,RTTI COL walk (SAHRDiag live)
ISuperCamTarget,0x0060829C,CONFIRMED,RTTI COL walk (SAHRDiag live)
InCarCharacterMappable,0x00607A58,CONFIRMED,RTTI COL walk (SAHRDiag live)
BipedCharacterMappable,0x00607A84,CONFIRMED,RTTI COL walk (SAHRDiag live)
CharacterMappable,0x00607AB0,CONFIRMED,RTTI COL walk (SAHRDiag live)
CharacterManager,0x00607ADC,CONFIRMED,RTTI COL walk (SAHRDiag live)
VtSkeleton::?$SafeCast,0x005F9748,CONFIRMED,RTTI COL walk (SAHRDiag live)
VtDrawablePose::?$SafeCast,0x005F984C,CONFIRMED,RTTI COL walk (SAHRDiag live)
choreo::VBank::?$SafeCast,0x005FCFC4,CONFIRMED,RTTI COL walk (SAHRDiag live)
choreo::Bank,0x005FE5E4,CONFIRMED,RTTI COL walk (SAHRDiag live)
tSkeleton,0x005F960C,CONFIRMED,RTTI COL walk (SAHRDiag live)
CameraRelativeCharacterController,0x00607D44,CONFIRMED,RTTI COL walk (SAHRDiag live)
CameraRelativeCharacterControllerEventHandler,0x00607D70,CONFIRMED,RTTI COL walk (SAHRDiag live)
PhysicalController,0x00607D7C,CONFIRMED,RTTI COL walk (SAHRDiag live)
AmbientDialogueButton,0x00607E34,CONFIRMED,RTTI COL walk (SAHRDiag live)
AmbientDialogueTrigger,0x00607F68,CONFIRMED,RTTI COL walk (SAHRDiag live)
Character,0x00607E80,CONFIRMED,RTTI COL walk (SAHRDiag live)
NPCharacter,0x00607FE8,CONFIRMED,RTTI COL walk (SAHRDiag live)
CollisionEntityDSG,0x0060C404,CONFIRMED,RTTI COL walk (SAHRDiag live)
StaticPhysDSG,0x0060C890,CONFIRMED,RTTI COL walk (SAHRDiag live)
DynaPhysDSG,0x0060CE90,CONFIRMED,RTTI COL walk (SAHRDiag live)
ActionButton::ButtonHandler,0x006179C4,CONFIRMED,RTTI COL walk (SAHRDiag live)
Behaviour,0x00615A60,CONFIRMED,RTTI COL walk (SAHRDiag live)
VehicleMappable,0x00608100,CONFIRMED,RTTI COL walk (SAHRDiag live)
VehicleController,0x00608184,CONFIRMED,RTTI COL walk (SAHRDiag live)
HumanVehicleController,0x006081C4,CONFIRMED,RTTI COL walk (SAHRDiag live)
AiVehicleController,0x00608214,CONFIRMED,RTTI COL walk (SAHRDiag live)
sim::PhysicsJointInertialEffector,0x00608254,CONFIRMED,RTTI COL walk (SAHRDiag live)
sim::PhysicsJointMatrixModifier,0x00608278,CONFIRMED,RTTI COL walk (SAHRDiag live)
poser::PoseDriver,0x005FCED4,CONFIRMED,RTTI COL walk (SAHRDiag live)
Vehicle,0x006082D8,CONFIRMED,RTTI COL walk (SAHRDiag live)
VehicleEventListener,0x0060846C,CONFIRMED,RTTI COL walk (SAHRDiag live)
TrafficLocomotion,0x00608478,CONFIRMED,RTTI COL walk (SAHRDiag live)
VehicleLocomotion,0x00608534,CONFIRMED,RTTI COL walk (SAHRDiag live)
TrafficBodyDrawable,0x0060849C,CONFIRMED,RTTI COL walk (SAHRDiag live)
SuspensionJointDriver,0x006084BC,CONFIRMED,RTTI COL walk (SAHRDiag live)
RedBrickCollisionSolverAgent,0x006084E0,CONFIRMED,RTTI COL walk (SAHRDiag live)
sim::CollisionSolverAgent,0x005F3878,CONFIRMED,RTTI COL walk (SAHRDiag live)
PhysicsLocomotion,0x00608510,CONFIRMED,RTTI COL walk (SAHRDiag live)
tShaderVectorBroadcast,0x00608558,CONFIRMED,RTTI COL walk (SAHRDiag live)
tShaderColourBroadcast,0x00608560,CONFIRMED,RTTI COL walk (SAHRDiag live)
tShaderIntBroadcast,0x00608568,CONFIRMED,RTTI COL walk (SAHRDiag live)
VtPoseAnimationController::?$SafeCast,0x00608570,CONFIRMED,RTTI COL walk (SAHRDiag live)
VtEffectController::?$SafeCast,0x00608578,CONFIRMED,RTTI COL walk (SAHRDiag live)
VtShader::?$SafeCast,0x005F5BE0,CONFIRMED,RTTI COL walk (SAHRDiag live)
tEffectController,0x005FB50C,CONFIRMED,RTTI COL walk (SAHRDiag live)
tShader,0x005F8790,CONFIRMED,RTTI COL walk (SAHRDiag live)
tPoseAnimationController,0x005FA7C4,CONFIRMED,RTTI COL walk (SAHRDiag live)
sim::CollisionVolume,0x005F3420,CONFIRMED,RTTI COL walk (SAHRDiag live)
sim::OBBoxVolume,0x005F34B8,CONFIRMED,RTTI COL walk (SAHRDiag live)
WorldCollisionSolverAgentManager,0x0060895C,CONFIRMED,RTTI COL walk (SAHRDiag live)
VehicleCentral,0x00608988,CONFIRMED,RTTI COL walk (SAHRDiag live)
VtBillboardQuadGroup::?$SafeCast,0x005F9B10,CONFIRMED,RTTI COL walk (SAHRDiag live)
HitnRunManager,0x00608D3C,CONFIRMED,RTTI COL walk (SAHRDiag live)
AvatarManager,0x00608D80,CONFIRMED,RTTI COL walk (SAHRDiag live)
Avatar,0x00608D8C,CONFIRMED,RTTI COL walk (SAHRDiag live)
WaspSoundPlayer,0x00608D94,CONFIRMED,RTTI COL walk (SAHRDiag live)
ActorPlayer,0x00608F54,CONFIRMED,RTTI COL walk (SAHRDiag live)
SimpsonsSoundPlayerCallback,0x0060A53C,CONFIRMED,RTTI COL walk (SAHRDiag live)
PositionCarrier,0x0060B654,CONFIRMED,RTTI COL walk (SAHRDiag live)
VehiclePositionalSoundPlayer,0x00608E34,CONFIRMED,RTTI COL walk (SAHRDiag live)
TrafficSoundPlayer,0x00608E50,CONFIRMED,RTTI COL walk (SAHRDiag live)
IRadTimerCallback,0x005F7464,CONFIRMED,RTTI COL walk (SAHRDiag live)
PlatformSoundPlayer,0x00608E84,CONFIRMED,RTTI COL walk (SAHRDiag live)
MovingSoundManager,0x00608E94,CONFIRMED,RTTI COL walk (SAHRDiag live)
AvatarVehiclePosnPlayer,0x00608EF4,CONFIRMED,RTTI COL walk (SAHRDiag live)
AnimObjSoundPlayer,0x00608F28,CONFIRMED,RTTI COL walk (SAHRDiag live)
AIVehicleSoundPlayer,0x00608F38,CONFIRMED,RTTI COL walk (SAHRDiag live)
SoundDebugDisplay,0x00608F7C,CONFIRMED,RTTI COL walk (SAHRDiag live)
NISSoundPlayer,0x00608F84,CONFIRMED,RTTI COL walk (SAHRDiag live)
NISPlayerGroup,0x00608F90,CONFIRMED,RTTI COL walk (SAHRDiag live)
SelectableDialog,0x00608FA0,CONFIRMED,RTTI COL walk (SAHRDiag live)
PlayableDialog,0x00608FDC,CONFIRMED,RTTI COL walk (SAHRDiag live)
DialogSelectionGroup,0x00609018,CONFIRMED,RTTI COL walk (SAHRDiag live)
DialogQueueElement,0x00609054,CONFIRMED,RTTI COL walk (SAHRDiag live)
radBaseObject,0x005F5BEC,CONFIRMED,RTTI COL walk (SAHRDiag live)
radObject,0x005F5BF4,CONFIRMED,RTTI COL walk (SAHRDiag live)
radRefCount,0x005F5BFC,CONFIRMED,RTTI COL walk (SAHRDiag live)
DialogCompleteCallback,0x00609078,CONFIRMED,RTTI COL walk (SAHRDiag live)
DialogPriorityQueue,0x00609080,CONFIRMED,RTTI COL walk (SAHRDiag live)
DialogList,0x006090AC,CONFIRMED,RTTI COL walk (SAHRDiag live)
DialogLine,0x0060949C,CONFIRMED,RTTI COL walk (SAHRDiag live)
DialogCoordinator,0x00609880,CONFIRMED,RTTI COL walk (SAHRDiag live)
ConversationMatcher,0x00609940,CONFIRMED,RTTI COL walk (SAHRDiag live)
Conversation,0x00609948,CONFIRMED,RTTI COL walk (SAHRDiag live)
IGlobalSettings,0x00609984,CONFIRMED,RTTI COL walk (SAHRDiag live)
globalSettings,0x00609A80,CONFIRMED,RTTI COL walk (SAHRDiag live)
Win32ReverbController,0x00609B88,CONFIRMED,RTTI COL walk (SAHRDiag live)
ReverbController,0x0060A070,CONFIRMED,RTTI COL walk (SAHRDiag live)
SoundFXPauseLogic,0x00609BA4,CONFIRMED,RTTI COL walk (SAHRDiag live)
SoundFXLogic,0x00609BC8,CONFIRMED,RTTI COL walk (SAHRDiag live)
SoundFXGameplayLogic,0x00609C78,CONFIRMED,RTTI COL walk (SAHRDiag live)
SoundFXFrontEndLogic,0x00609EE8,CONFIRMED,RTTI COL walk (SAHRDiag live)
SoundEffectPlayer,0x00609F48,CONFIRMED,RTTI COL walk (SAHRDiag live)
reverbSettings,0x00609F88,CONFIRMED,RTTI COL walk (SAHRDiag live)
IReverbSettings,0x0060A004,CONFIRMED,RTTI COL walk (SAHRDiag live)
positionalSoundSettings,0x0060A130,CONFIRMED,RTTI COL walk (SAHRDiag live)
IPositionalSoundSettings,0x0060A154,CONFIRMED,RTTI COL walk (SAHRDiag live)
MusicPlayer,0x0060A170,CONFIRMED,RTTI COL walk (SAHRDiag live)
radmusic::Uradload_composition_adapter::?$SafeCast,0x0060A17C,CONFIRMED,RTTI COL walk (SAHRDiag live)
radmusic::radload_composition_adapter,0x005F6D8C,CONFIRMED,RTTI COL walk (SAHRDiag live)
VehicleSoundPlayer,0x0060A560,CONFIRMED,RTTI COL walk (SAHRDiag live)
DownshiftEngineState,0x0060A570,CONFIRMED,RTTI COL walk (SAHRDiag live)
UpshiftEngineState,0x0060A588,CONFIRMED,RTTI COL walk (SAHRDiag live)
NormalEngineState,0x0060A5A0,CONFIRMED,RTTI COL walk (SAHRDiag live)
SkidEngineState,0x0060A5B8,CONFIRMED,RTTI COL walk (SAHRDiag live)
IdleEngineState,0x0060A5D0,CONFIRMED,RTTI COL walk (SAHRDiag live)
ReverseEngineState,0x0060A5E8,CONFIRMED,RTTI COL walk (SAHRDiag live)
EngineState,0x0060A548,CONFIRMED,RTTI COL walk (SAHRDiag live)
InAirEngineState,0x0060A600,CONFIRMED,RTTI COL walk (SAHRDiag live)
SoundAvatar,0x0060A634,CONFIRMED,RTTI COL walk (SAHRDiag live)
ICarSoundParameters,0x0060A644,CONFIRMED,RTTI COL walk (SAHRDiag live)
carSoundParameters,0x0060A6D8,CONFIRMED,RTTI COL walk (SAHRDiag live)
AvatarSoundPlayer,0x0060A778,CONFIRMED,RTTI COL walk (SAHRDiag live)
Sound::daSoundTuner_ActiveFadeInfo,0x0060A830,CONFIRMED,RTTI COL walk (SAHRDiag live)
Sound::daSoundTuner,0x0060A838,CONFIRMED,RTTI COL walk (SAHRDiag live)
Sound::daSoundResourceManager,0x0060A8C8,CONFIRMED,RTTI COL walk (SAHRDiag live)
daSoundResourceData,0x0060A8DC,CONFIRMED,RTTI COL walk (SAHRDiag live)
Sound::daSoundRenderingManager,0x0060A944,CONFIRMED,RTTI COL walk (SAHRDiag live)
Sound::daSoundDynaLoadManager,0x0060B194,CONFIRMED,RTTI COL walk (SAHRDiag live)
Sound::daSoundDynaLoadRegion,0x0060B1A8,CONFIRMED,RTTI COL walk (SAHRDiag live)
Sound::daSoundAllocatedResource,0x0060B1D4,CONFIRMED,RTTI COL walk (SAHRDiag live)
Sound::daSoundPlayerManager,0x0060B1E0,CONFIRMED,RTTI COL walk (SAHRDiag live)
Sound::MusicSoundPlayer,0x0060B204,CONFIRMED,RTTI COL walk (SAHRDiag live)
Sound::daSoundPlayerBase,0x0060B250,CONFIRMED,RTTI COL walk (SAHRDiag live)
Fader,0x0060B240,CONFIRMED,RTTI COL walk (SAHRDiag live)
Sound::daSoundClipStreamPlayer,0x0060B28C,CONFIRMED,RTTI COL walk (SAHRDiag live)
IRadSoundStitchCallback,0x005F6FAC,CONFIRMED,RTTI COL walk (SAHRDiag live)
Sound::IDaSoundPlayerState,0x0060B2D0,CONFIRMED,RTTI COL walk (SAHRDiag live)
SoundRenderingPlayerCallback,0x0060B2E4,CONFIRMED,RTTI COL walk (SAHRDiag live)
SoundManager,0x0060B300,CONFIRMED,RTTI COL walk (SAHRDiag live)
GameConfigHandler,0x00614210,CONFIRMED,RTTI COL walk (SAHRDiag live)
SoundLoader,0x0060B45C,CONFIRMED,RTTI COL walk (SAHRDiag live)
SoundCluster,0x0060B614,CONFIRMED,RTTI COL walk (SAHRDiag live)
SimpsonsSoundPlayer,0x0060B62C,CONFIRMED,RTTI COL walk (SAHRDiag live)
PositionalSoundPlayer,0x0060B640,CONFIRMED,RTTI COL walk (SAHRDiag live)
Listener,0x0060B664,CONFIRMED,RTTI COL walk (SAHRDiag live)
RoadSegment,0x0060B678,CONFIRMED,RTTI COL walk (SAHRDiag live)
RoadManager,0x0060B6D0,CONFIRMED,RTTI COL walk (SAHRDiag live)
ILaneControl,0x0060B6D8,CONFIRMED,RTTI COL walk (SAHRDiag live)
Lane,0x0060B6E4,CONFIRMED,RTTI COL walk (SAHRDiag live)
NWayStop,0x0060B700,CONFIRMED,RTTI COL walk (SAHRDiag live)
TrafficLight,0x0060B70C,CONFIRMED,RTTI COL walk (SAHRDiag live)
TrafficControl,0x0060B718,CONFIRMED,RTTI COL walk (SAHRDiag live)
VAnimEntityDSG::?$SafeCast,0x0060B724,CONFIRMED,RTTI COL walk (SAHRDiag live)
AnimEntityDSGManager,0x0060B72C,CONFIRMED,RTTI COL walk (SAHRDiag live)
BreakablesManager,0x0060B758,CONFIRMED,RTTI COL walk (SAHRDiag live)
ParticleSystemDSG,0x0060B784,CONFIRMED,RTTI COL walk (SAHRDiag live)
InstStatEntityDSG,0x0060CBE8,CONFIRMED,RTTI COL walk (SAHRDiag live)
ParticleManager::PAVManagedParticleSystem::V?$tPtrDynamicArray::?$tArray,0x0060B7E8,CONFIRMED,RTTI COL walk (SAHRDiag live)
ParticleManager::PAVManagedParticleSystem::V?$tPtrDynamicArray::?$tPtrDynamicArray,0x0060B7F4,CONFIRMED,RTTI COL walk (SAHRDiag live)
ParticleManager::PAVManagedParticleSystem::?$tPtrDynamicArray,0x0060B800,CONFIRMED,RTTI COL walk (SAHRDiag live)
ParticleManager::PAVManagedParticleSystem::?$tArray,0x006177C0,CONFIRMED,RTTI COL walk (SAHRDiag live)
InstParticleSystemLoader,0x0060B820,CONFIRMED,RTTI COL walk (SAHRDiag live)
IWrappedLoader,0x006139EC,CONFIRMED,RTTI COL walk (SAHRDiag live)
BreakableObjectLoader,0x0060B85C,CONFIRMED,RTTI COL walk (SAHRDiag live)
WorldSphereLoader,0x0060B898,CONFIRMED,RTTI COL walk (SAHRDiag live)
TreeDSGLoader,0x0060B8D4,CONFIRMED,RTTI COL walk (SAHRDiag live)
StaticPhysLoader,0x0060B910,CONFIRMED,RTTI COL walk (SAHRDiag live)
StaticEntityLoader,0x0060BA30,CONFIRMED,RTTI COL walk (SAHRDiag live)
LensFlareLoader,0x0060BA6C,CONFIRMED,RTTI COL walk (SAHRDiag live)
tBillboardQuadGroup,0x005FA664,CONFIRMED,RTTI COL walk (SAHRDiag live)
IntersectLoader,0x0060BAB8,CONFIRMED,RTTI COL walk (SAHRDiag live)
InstStatPhysLoader,0x0060BAF4,CONFIRMED,RTTI COL walk (SAHRDiag live)
InstStatEntityLoader,0x0060BB30,CONFIRMED,RTTI COL walk (SAHRDiag live)
GeometryWrappedLoader,0x0060BB6C,CONFIRMED,RTTI COL walk (SAHRDiag live)
tGeometryLoader,0x005FA944,CONFIRMED,RTTI COL walk (SAHRDiag live)
FenceLoader,0x0060BBAC,CONFIRMED,RTTI COL walk (SAHRDiag live)
DynaPhysLoader,0x0060BBF4,CONFIRMED,RTTI COL walk (SAHRDiag live)
tBillboardQuadGroupLoader,0x005FA62C,CONFIRMED,RTTI COL walk (SAHRDiag live)
BillboardWrappedLoader,0x0060BC44,CONFIRMED,RTTI COL walk (SAHRDiag live)
AnimDynaPhysLoader,0x0060BC80,CONFIRMED,RTTI COL walk (SAHRDiag live)
AnimObjDSGWrapperLoader,0x0060BCBC,CONFIRMED,RTTI COL walk (SAHRDiag live)
AnimDynaPhysWrapperLoader,0x0060BCF8,CONFIRMED,RTTI COL walk (SAHRDiag live)
AnimDSGLoader,0x0060BDBC,CONFIRMED,RTTI COL walk (SAHRDiag live)
AnimCollLoader,0x0060BE08,CONFIRMED,RTTI COL walk (SAHRDiag live)
WorldRenderLayer,0x0060BE44,CONFIRMED,RTTI COL walk (SAHRDiag live)
RenderLayer,0x0060C304,CONFIRMED,RTTI COL walk (SAHRDiag live)
RenderManager,0x0060BFC0,CONFIRMED,RTTI COL walk (SAHRDiag live)
FrontEndRenderLayer,0x0060C37C,CONFIRMED,RTTI COL walk (SAHRDiag live)
CollisionAttributes,0x0060C3F4,CONFIRMED,RTTI COL walk (SAHRDiag live)
BreakableObjectDSG,0x0060C664,CONFIRMED,RTTI COL walk (SAHRDiag live)
AnimEntityDSG,0x0060C6C4,CONFIRMED,RTTI COL walk (SAHRDiag live)
AnimCollisionEntityDSG,0x0060C768,CONFIRMED,RTTI COL walk (SAHRDiag live)
WorldSphereDSG,0x0060C83C,CONFIRMED,RTTI COL walk (SAHRDiag live)
sim::VPhysicsObject::?$SafeCast,0x005F3370,CONFIRMED,RTTI COL walk (SAHRDiag live)
RootMatrixDriver,0x0060CA30,CONFIRMED,RTTI COL walk (SAHRDiag live)
sim::ArticulatedPhysicsObject,0x005F3B64,CONFIRMED,RTTI COL walk (SAHRDiag live)
sim::PhysicsObject,0x005F378C,CONFIRMED,RTTI COL walk (SAHRDiag live)
CStatePropListener,0x006177CC,CONFIRMED,RTTI COL walk (SAHRDiag live)
StatePropDSG,0x0060C968,CONFIRMED,RTTI COL walk (SAHRDiag live)
LensFlareDSG,0x0060CA64,CONFIRMED,RTTI COL walk (SAHRDiag live)
tGeometry,0x005FA8F4,CONFIRMED,RTTI COL walk (SAHRDiag live)
IntersectDSG,0x0060CAB8,CONFIRMED,RTTI COL walk (SAHRDiag live)
InstStatPhysDSG,0x0060CB6C,CONFIRMED,RTTI COL walk (SAHRDiag live)
InstDynaPhysDSG,0x0060CC4C,CONFIRMED,RTTI COL walk (SAHRDiag live)
AnimDynaPhysWrapper,0x0060CCF0,CONFIRMED,RTTI COL walk (SAHRDiag live)
InstAnimDynaPhysDSG,0x0060CD00,CONFIRMED,RTTI COL walk (SAHRDiag live)
FenceEntityDSG,0x0060CE2C,CONFIRMED,RTTI COL walk (SAHRDiag live)
SpatialTree,0x0060CF34,CONFIRMED,RTTI COL walk (SAHRDiag live)
WorldScene,0x0060CF44,CONFIRMED,RTTI COL walk (SAHRDiag live)
SphereSP,0x0060CF50,CONFIRMED,RTTI COL walk (SAHRDiag live)
ISpatialProxyAA,0x00616C68,CONFIRMED,RTTI COL walk (SAHRDiag live)
BoxPts,0x00616C94,CONFIRMED,RTTI COL walk (SAHRDiag live)
RenderFlow,0x0060CF80,CONFIRMED,RTTI COL walk (SAHRDiag live)
FMVUserInputHandler,0x0060CF8C,CONFIRMED,RTTI COL walk (SAHRDiag live)
IRadMovieRenderLoop,0x0060CFE0,CONFIRMED,RTTI COL walk (SAHRDiag live)
FMVPlayer,0x0060CFF0,CONFIRMED,RTTI COL walk (SAHRDiag live)
AnimationPlayer,0x00611120,CONFIRMED,RTTI COL walk (SAHRDiag live)
CGuiScreenMiniSummary,0x0060D064,CONFIRMED,RTTI COL walk (SAHRDiag live)
CGuiScreen,0x00610A74,CONFIRMED,RTTI COL walk (SAHRDiag live)
CGuiEntity,0x00610C84,CONFIRMED,RTTI COL walk (SAHRDiag live)
CGuiWindow,0x00610594,CONFIRMED,RTTI COL walk (SAHRDiag live)
CGuiScreenMiniPause,0x0060D160,CONFIRMED,RTTI COL walk (SAHRDiag live)
CGuiScreenMiniMenu,0x0060D18C,CONFIRMED,RTTI COL walk (SAHRDiag live)
CGuiScreenMiniHud,0x0060D30C,CONFIRMED,RTTI COL walk (SAHRDiag live)
CGuiScreenMiniControllerSelect,0x0060D330,CONFIRMED,RTTI COL walk (SAHRDiag live)
CGuiManagerMiniGame,0x0060D3BC,CONFIRMED,RTTI COL walk (SAHRDiag live)
Scrooby::GotoScreenCallback,0x00610C40,CONFIRMED,RTTI COL walk (SAHRDiag live)
CGuiManager,0x00610C48,CONFIRMED,RTTI COL walk (SAHRDiag live)
CGuiScreenLicense,0x0060D4CC,CONFIRMED,RTTI COL walk (SAHRDiag live)
CGuiScreenLanguage,0x0060D500,CONFIRMED,RTTI COL walk (SAHRDiag live)
CGuiManagerLanguage,0x0060D530,CONFIRMED,RTTI COL walk (SAHRDiag live)
CGuiManagerBootUp,0x0060D6A0,CONFIRMED,RTTI COL walk (SAHRDiag live)
GuiSFX::ResumeGame,0x0060D6D0,CONFIRMED,RTTI COL walk (SAHRDiag live)
GuiSFX::InputStateChange,0x0060D700,CONFIRMED,RTTI COL walk (SAHRDiag live)
GuiSFX::UnderdampedTranslator,0x0060D730,CONFIRMED,RTTI COL walk (SAHRDiag live)
GuiSFX::Hide,0x0060D760,CONFIRMED,RTTI COL walk (SAHRDiag live)
GuiSFX::PauseInFrames,0x0060D790,CONFIRMED,RTTI COL walk (SAHRDiag live)
GuiSFX::GotoScreen,0x0060D7C0,CONFIRMED,RTTI COL walk (SAHRDiag live)
GuiSFX::Pause,0x0060D7F0,CONFIRMED,RTTI COL walk (SAHRDiag live)
GuiSFX::Translator,0x0060D820,CONFIRMED,RTTI COL walk (SAHRDiag live)
GuiSFX::Dummy,0x0060D850,CONFIRMED,RTTI COL walk (SAHRDiag live)
GuiSFX::Show,0x0060D880,CONFIRMED,RTTI COL walk (SAHRDiag live)
GuiSFX::IrisWipeOpen,0x0060D8D0,CONFIRMED,RTTI COL walk (SAHRDiag live)
GuiSFX::ColorChange,0x0060D930,CONFIRMED,RTTI COL walk (SAHRDiag live)
GuiSFX::SwitchContext,0x0060D990,CONFIRMED,RTTI COL walk (SAHRDiag live)
GuiSFX::PulseScale,0x0060DA20,CONFIRMED,RTTI COL walk (SAHRDiag live)
GuiSFX::RecieveEvent,0x0060DA40,CONFIRMED,RTTI COL walk (SAHRDiag live)
Scrooby::HasBoundingBox,0x005F4804,CONFIRMED,RTTI COL walk (SAHRDiag live)
Scrooby::Drawable,0x005F4074,CONFIRMED,RTTI COL walk (SAHRDiag live)
GuiSFX::SendEvent,0x0060D9F0,CONFIRMED,RTTI COL walk (SAHRDiag live)
GuiSFX::Chainable3,0x0060D900,CONFIRMED,RTTI COL walk (SAHRDiag live)
GuiSFX::Transition,0x0060D8B0,CONFIRMED,RTTI COL walk (SAHRDiag live)
GuiSFX::Chainable,0x0060D9C0,CONFIRMED,RTTI COL walk (SAHRDiag live)
GuiSFX::Chainable1,0x0060D960,CONFIRMED,RTTI COL walk (SAHRDiag live)
ImageSlider,0x0060DA7C,CONFIRMED,RTTI COL walk (SAHRDiag live)
Slider,0x0060DA88,CONFIRMED,RTTI COL walk (SAHRDiag live)
ScrollingText,0x0060DA90,CONFIRMED,RTTI COL walk (SAHRDiag live)
HudMapCam,0x0060DA9C,CONFIRMED,RTTI COL walk (SAHRDiag live)
KullCam,0x0061526C,CONFIRMED,RTTI COL walk (SAHRDiag live)
SuperCam,0x00614ED4,CONFIRMED,RTTI COL walk (SAHRDiag live)
CHudMap,0x0060DB0C,CONFIRMED,RTTI COL walk (SAHRDiag live)
HudWaspDestroyed,0x0060DB40,CONFIRMED,RTTI COL walk (SAHRDiag live)
HudEventHandler,0x0060DC08,CONFIRMED,RTTI COL walk (SAHRDiag live)
HudMissionProgress,0x0060DB74,CONFIRMED,RTTI COL walk (SAHRDiag live)
HudMissionObjective,0x0060DBA8,CONFIRMED,RTTI COL walk (SAHRDiag live)
HudItemDropped,0x0060DBBC,CONFIRMED,RTTI COL walk (SAHRDiag live)
HudHitNRun,0x0060DBDC,CONFIRMED,RTTI COL walk (SAHRDiag live)
HudCountDown,0x0060DC1C,CONFIRMED,RTTI COL walk (SAHRDiag live)
HudCoinCollected,0x0060DC3C,CONFIRMED,RTTI COL walk (SAHRDiag live)
HudCardCollected,0x0060DC50,CONFIRMED,RTTI COL walk (SAHRDiag live)
CGuiScreenViewCards,0x0060DCC4,CONFIRMED,RTTI COL walk (SAHRDiag live)
CGuiScreenCardGallery,0x0061009C,CONFIRMED,RTTI COL walk (SAHRDiag live)
CGuiScreenTutorial,0x0060DCE8,CONFIRMED,RTTI COL walk (SAHRDiag live)
CGuiScreenSaveGame,0x0060DD44,CONFIRMED,RTTI COL walk (SAHRDiag live)
GameDataDeleteCallback,0x0060DD90,CONFIRMED,RTTI COL walk (SAHRDiag live)
GameDataSaveCallback,0x0060DD98,CONFIRMED,RTTI COL walk (SAHRDiag live)
CGuiScreenLoadSave,0x0061096C,CONFIRMED,RTTI COL walk (SAHRDiag live)
IMemoryCardFormatCallback,0x00610A14,CONFIRMED,RTTI COL walk (SAHRDiag live)
IGuiScreenRewards,0x0060DDAC,CONFIRMED,RTTI COL walk (SAHRDiag live)
CGuiScreenPurchaseRewards,0x0060DF2C,CONFIRMED,RTTI COL walk (SAHRDiag live)
tDrawablePose,0x005F96A0,CONFIRMED,RTTI COL walk (SAHRDiag live)
VtCameraAnimationController::?$SafeCast,0x0060E018,CONFIRMED,RTTI COL walk (SAHRDiag live)
CGuiScreenPhoneBooth,0x0060E020,CONFIRMED,RTTI COL walk (SAHRDiag live)
tCameraAnimationController,0x005F892C,CONFIRMED,RTTI COL walk (SAHRDiag live)
CGuiScreenPauseSunday,0x0060E174,CONFIRMED,RTTI COL walk (SAHRDiag live)
CGuiScreenPause,0x0060E384,CONFIRMED,RTTI COL walk (SAHRDiag live)
CGuiScreenPauseSound,0x0060E200,CONFIRMED,RTTI COL walk (SAHRDiag live)
CGuiScreenSound,0x0060F58C,CONFIRMED,RTTI COL walk (SAHRDiag live)
CGuiScreenPauseSettings,0x0060E224,CONFIRMED,RTTI COL walk (SAHRDiag live)
CGuiScreenPauseOptions,0x0060E28C,CONFIRMED,RTTI COL walk (SAHRDiag live)
CGuiScreenPauseMission,0x0060E2F0,CONFIRMED,RTTI COL walk (SAHRDiag live)
CGuiScreenPauseDisplay,0x0060E334,CONFIRMED,RTTI COL walk (SAHRDiag live)
CGuiScreenDisplay,0x0060FD98,CONFIRMED,RTTI COL walk (SAHRDiag live)
CGuiScreenPauseController,0x0060E358,CONFIRMED,RTTI COL walk (SAHRDiag live)
ButtonMappedCallback,0x0060FE64,CONFIRMED,RTTI COL walk (SAHRDiag live)
CGuiScreenController,0x0060FE38,CONFIRMED,RTTI COL walk (SAHRDiag live)
ResetCar,0x0060E428,CONFIRMED,RTTI COL walk (SAHRDiag live)
CGuiScreenMultiHud,0x0060E458,CONFIRMED,RTTI COL walk (SAHRDiag live)
CGuiScreenMissionSuccess,0x0060E6D4,CONFIRMED,RTTI COL walk (SAHRDiag live)
CGuiScreenMissionBase,0x0060E8A8,CONFIRMED,RTTI COL walk (SAHRDiag live)
CGuiScreenMissionSelect,0x0060E754,CONFIRMED,RTTI COL walk (SAHRDiag live)
CGuiScreenMissionOver,0x0060E7E0,CONFIRMED,RTTI COL walk (SAHRDiag live)
CGuiScreenMissionLoad,0x0060E83C,CONFIRMED,RTTI COL walk (SAHRDiag live)
VtEntity::?$SafeCast,0x005F43DC,CONFIRMED,RTTI COL walk (SAHRDiag live)
GuiSFX::Junction3,0x0060E8D0,CONFIRMED,RTTI COL walk (SAHRDiag live)
CGuiScreenLevelStats,0x0060EBA4,CONFIRMED,RTTI COL walk (SAHRDiag live)
CGuiScreenLevelEnd,0x0060EBF0,CONFIRMED,RTTI COL walk (SAHRDiag live)
CGuiScreenLetterBox,0x0060EC24,CONFIRMED,RTTI COL walk (SAHRDiag live)
CGuiScreenIrisWipe,0x0060ED20,CONFIRMED,RTTI COL walk (SAHRDiag live)
MessageQueue,0x0060EDC4,CONFIRMED,RTTI COL walk (SAHRDiag live)
CGuiScreenHud,0x0060EDCC,CONFIRMED,RTTI COL walk (SAHRDiag live)
CGuiScreenCreditsPostFMV,0x0060EFD0,CONFIRMED,RTTI COL walk (SAHRDiag live)
CGuiScreenViewCredits,0x0060F480,CONFIRMED,RTTI COL walk (SAHRDiag live)
IMemoryCardInfoLoadCallback,0x0060F014,CONFIRMED,RTTI COL walk (SAHRDiag live)
CGuiManagerInGame,0x0060F01C,CONFIRMED,RTTI COL walk (SAHRDiag live)
GuiSFX::RestartCurrentMission,0x0060F054,CONFIRMED,RTTI COL walk (SAHRDiag live)
GuiSFX::AbortCurrentMission,0x0060F084,CONFIRMED,RTTI COL walk (SAHRDiag live)
Scrooby::LoadProjectCallback,0x006138D4,CONFIRMED,RTTI COL walk (SAHRDiag live)
CGuiScreenViewMovies,0x0060F328,CONFIRMED,RTTI COL walk (SAHRDiag live)
CGuiScreenVehicleGallery,0x0060F4C0,CONFIRMED,RTTI COL walk (SAHRDiag live)
CGuiScreenSplash,0x0060F55C,CONFIRMED,RTTI COL walk (SAHRDiag live)
CGuiScreenSkinGallery,0x0060F5FC,CONFIRMED,RTTI COL walk (SAHRDiag live)
CGuiScreenScrapBookStats,0x0060F698,CONFIRMED,RTTI COL walk (SAHRDiag live)
CGuiScreenScrapBookContents,0x0060F764,CONFIRMED,RTTI COL walk (SAHRDiag live)
CGuiScreenScrapBook,0x0060F888,CONFIRMED,RTTI COL walk (SAHRDiag live)
CGuiScreenPlayMovie,0x0060F8D4,CONFIRMED,RTTI COL walk (SAHRDiag live)
CGuiScreenOptions,0x0060F908,CONFIRMED,RTTI COL walk (SAHRDiag live)
CGuiScreenMissionGallery,0x0060F9B4,CONFIRMED,RTTI COL walk (SAHRDiag live)
CGuiScreenIntroTransition,0x0060FA88,CONFIRMED,RTTI COL walk (SAHRDiag live)
CGuiScreenMainMenu,0x0060FAAC,CONFIRMED,RTTI COL walk (SAHRDiag live)
GameDataLoadCallback,0x0060FCE0,CONFIRMED,RTTI COL walk (SAHRDiag live)
CGuiScreenLoadGame,0x0060FC98,CONFIRMED,RTTI COL walk (SAHRDiag live)
CGuiScreenAutoLoad,0x0060FCE8,CONFIRMED,RTTI COL walk (SAHRDiag live)
CGuiManagerFrontEnd,0x00610158,CONFIRMED,RTTI COL walk (SAHRDiag live)
CGuiScreenLoadingFE,0x00610264,CONFIRMED,RTTI COL walk (SAHRDiag live)
CGuiScreenLoading,0x0061036C,CONFIRMED,RTTI COL walk (SAHRDiag live)
VtSprite::?$SafeCast,0x00610398,CONFIRMED,RTTI COL walk (SAHRDiag live)
tSprite,0x005F95A0,CONFIRMED,RTTI COL walk (SAHRDiag live)
CGuiScreenDemo,0x00610524,CONFIRMED,RTTI COL walk (SAHRDiag live)
CGuiManagerBackEnd,0x00610548,CONFIRMED,RTTI COL walk (SAHRDiag live)
CGuiUserInputHandler,0x006105B8,CONFIRMED,RTTI COL walk (SAHRDiag live)
CGuiTextBible,0x00610624,CONFIRMED,RTTI COL walk (SAHRDiag live)
CGuiSystem,0x0061062C,CONFIRMED,RTTI COL walk (SAHRDiag live)
CGuiScreenPrompt,0x00610880,CONFIRMED,RTTI COL walk (SAHRDiag live)
CGuiScreenMessage,0x006108E0,CONFIRMED,RTTI COL walk (SAHRDiag live)
CGuiScreenMemoryCard,0x00610948,CONFIRMED,RTTI COL walk (SAHRDiag live)
IMemoryCardCheckCallback,0x00610A0C,CONFIRMED,RTTI COL walk (SAHRDiag live)
CGuiScreenMemCardCheck,0x00610A1C,CONFIRMED,RTTI COL walk (SAHRDiag live)
IRadMemoryHeap,0x005F7708,CONFIRMED,RTTI COL walk (SAHRDiag live)
GuiMenuItemSprite,0x00610B84,CONFIRMED,RTTI COL walk (SAHRDiag live)
GuiMenuItemText,0x00610BB0,CONFIRMED,RTTI COL walk (SAHRDiag live)
GuiMenuItem,0x00610BDC,CONFIRMED,RTTI COL walk (SAHRDiag live)
Scrooby::Sprite,0x005F4CE4,CONFIRMED,RTTI COL walk (SAHRDiag live)
CGuiMenuPrompt,0x00610C14,CONFIRMED,RTTI COL walk (SAHRDiag live)
CGuiMenu,0x00610C08,CONFIRMED,RTTI COL walk (SAHRDiag live)
CGuiMenu2D,0x00610C20,CONFIRMED,RTTI COL walk (SAHRDiag live)
Scrooby::Text,0x005F4F20,CONFIRMED,RTTI COL walk (SAHRDiag live)
Scrooby::BoundedDrawable,0x005F4874,CONFIRMED,RTTI COL walk (SAHRDiag live)
PresentationEvent,0x00610C90,CONFIRMED,RTTI COL walk (SAHRDiag live)
AnimationPlayer::LoadDataCallBack,0x00613C38,CONFIRMED,RTTI COL walk (SAHRDiag live)
NISEvent,0x00610CB0,CONFIRMED,RTTI COL walk (SAHRDiag live)
FMVEvent,0x00610CD0,CONFIRMED,RTTI COL walk (SAHRDiag live)
TutorialManager,0x00610CF0,CONFIRMED,RTTI COL walk (SAHRDiag live)
TransitionPlayer,0x00610D20,CONFIRMED,RTTI COL walk (SAHRDiag live)
SimpleAnimationPlayer,0x00610D50,CONFIRMED,RTTI COL walk (SAHRDiag live)
PresentationAnimator,0x00610D7C,CONFIRMED,RTTI COL walk (SAHRDiag live)
PresentationManager,0x00610D84,CONFIRMED,RTTI COL walk (SAHRDiag live)
PresentationOverlay,0x00610DA8,CONFIRMED,RTTI COL walk (SAHRDiag live)
VTransitionEvent::?$AllocPool,0x00610DC8,CONFIRMED,RTTI COL walk (SAHRDiag live)
VNISEvent::?$AllocPool,0x00610DD4,CONFIRMED,RTTI COL walk (SAHRDiag live)
VFMVEvent::?$AllocPool,0x00610DE0,CONFIRMED,RTTI COL walk (SAHRDiag live)
TransitionEvent,0x00610DEC,CONFIRMED,RTTI COL walk (SAHRDiag live)
PlayerDrawable,0x0061102C,CONFIRMED,RTTI COL walk (SAHRDiag live)
1::VScenegraph::?$SafeCast,0x005F4BD4,CONFIRMED,RTTI COL walk (SAHRDiag live)
NISPlayer,0x0061104C,CONFIRMED,RTTI COL walk (SAHRDiag live)
VtCompositeDrawable::?$SafeCast,0x005F9B08,CONFIRMED,RTTI COL walk (SAHRDiag live)
0::Scenegraph,0x005F9D58,CONFIRMED,RTTI COL walk (SAHRDiag live)
MouthFlapper,0x00611078,CONFIRMED,RTTI COL walk (SAHRDiag live)
VtAnimation::?$SafeCast,0x005F8C20,CONFIRMED,RTTI COL walk (SAHRDiag live)
CameraPlayer,0x006110EC,CONFIRMED,RTTI COL walk (SAHRDiag live)
tAnimation,0x005F9A80,CONFIRMED,RTTI COL walk (SAHRDiag live)
Blinker,0x00611118,CONFIRMED,RTTI COL walk (SAHRDiag live)
RespawnEntity,0x00611160,CONFIRMED,RTTI COL walk (SAHRDiag live)
CharacterSheetManager,0x0061116C,CONFIRMED,RTTI COL walk (SAHRDiag live)
RewardsManager,0x006111EC,CONFIRMED,RTTI COL walk (SAHRDiag live)
Reward,0x00611230,CONFIRMED,RTTI COL walk (SAHRDiag live)
Merchandise,0x00611238,CONFIRMED,RTTI COL walk (SAHRDiag live)
SafeZone,0x00611240,CONFIRMED,RTTI COL walk (SAHRDiag live)
VehicleCondition,0x00611248,CONFIRMED,RTTI COL walk (SAHRDiag live)
MissionCondition,0x00611328,CONFIRMED,RTTI COL walk (SAHRDiag live)
VehicleCarryingStateProp,0x00611268,CONFIRMED,RTTI COL walk (SAHRDiag live)
TimeOutCondition,0x00611288,CONFIRMED,RTTI COL walk (SAHRDiag live)
RaceCondition,0x006112A8,CONFIRMED,RTTI COL walk (SAHRDiag live)
PositionCondition,0x006112C8,CONFIRMED,RTTI COL walk (SAHRDiag live)
OutOfBoundsCondition,0x006112E8,CONFIRMED,RTTI COL walk (SAHRDiag live)
NotAbductedCondition,0x00611308,CONFIRMED,RTTI COL walk (SAHRDiag live)
LeaveInteriorCondition,0x00611348,CONFIRMED,RTTI COL walk (SAHRDiag live)
KeepBarrelCondition,0x00611368,CONFIRMED,RTTI COL walk (SAHRDiag live)
GetOutOfCarCondition,0x00611388,CONFIRMED,RTTI COL walk (SAHRDiag live)
FollowCondition,0x006113AC,CONFIRMED,RTTI COL walk (SAHRDiag live)
DamageCondition,0x006113CC,CONFIRMED,RTTI COL walk (SAHRDiag live)
MissionObjective,0x00611588,CONFIRMED,RTTI COL walk (SAHRDiag live)
TimerObjective,0x006113EC,CONFIRMED,RTTI COL walk (SAHRDiag live)
TalkToObjective,0x00611408,CONFIRMED,RTTI COL walk (SAHRDiag live)
CollectibleObjective,0x00611718,CONFIRMED,RTTI COL walk (SAHRDiag live)
RaceObjective,0x0061144C,CONFIRMED,RTTI COL walk (SAHRDiag live)
PickupItemObjective,0x00611560,CONFIRMED,RTTI COL walk (SAHRDiag live)
VStatePropCollectible::?$SafeCast,0x00611578,CONFIRMED,RTTI COL walk (SAHRDiag live)
VZoneEventLocator::?$SafeCast,0x00611580,CONFIRMED,RTTI COL walk (SAHRDiag live)
LoseObjective,0x006115B0,CONFIRMED,RTTI COL walk (SAHRDiag live)
LoadVehicleObjective::LoadDisposableCarAsyncCallback,0x006115C8,CONFIRMED,RTTI COL walk (SAHRDiag live)
LoadVehicleObjective,0x006115D0,CONFIRMED,RTTI COL walk (SAHRDiag live)
InteriorObjective,0x006115E8,CONFIRMED,RTTI COL walk (SAHRDiag live)
GoToObjective,0x0061160C,CONFIRMED,RTTI COL walk (SAHRDiag live)
GoOutsideObjective,0x00611624,CONFIRMED,RTTI COL walk (SAHRDiag live)
GetInObjective,0x0061163C,CONFIRMED,RTTI COL walk (SAHRDiag live)
FollowObjective,0x00611660,CONFIRMED,RTTI COL walk (SAHRDiag live)
FMVObjective,0x00611678,CONFIRMED,RTTI COL walk (SAHRDiag live)
DialogueObjective,0x006116A0,CONFIRMED,RTTI COL walk (SAHRDiag live)
DestroyObjective,0x006116B8,CONFIRMED,RTTI COL walk (SAHRDiag live)
DestroyBossObjective,0x006116D0,CONFIRMED,RTTI COL walk (SAHRDiag live)
DeliveryObjective,0x006116E8,CONFIRMED,RTTI COL walk (SAHRDiag live)
CollectDumpedObjective,0x00611750,CONFIRMED,RTTI COL walk (SAHRDiag live)
CollectionCondition,0x00611780,CONFIRMED,RTTI COL walk (SAHRDiag live)
CoinObjective,0x006117A0,CONFIRMED,RTTI COL walk (SAHRDiag live)
BuySkinObjective,0x006117BC,CONFIRMED,RTTI COL walk (SAHRDiag live)
BuyCarObjective,0x006117D4,CONFIRMED,RTTI COL walk (SAHRDiag live)
TimeRemainBonusObjective,0x006117EC,CONFIRMED,RTTI COL walk (SAHRDiag live)
BonusObjective,0x00611938,CONFIRMED,RTTI COL walk (SAHRDiag live)
StatePropCollectible,0x0061180C,CONFIRMED,RTTI COL walk (SAHRDiag live)
RacePositionBonusObjective,0x006118E0,CONFIRMED,RTTI COL walk (SAHRDiag live)
NoDamageBonusObjective,0x0061190C,CONFIRMED,RTTI COL walk (SAHRDiag live)
NoCopBonusObjective,0x00611958,CONFIRMED,RTTI COL walk (SAHRDiag live)
MissionStage,0x00611984,CONFIRMED,RTTI COL walk (SAHRDiag live)
VtTexture::?$SafeCast,0x005F87A0,CONFIRMED,RTTI COL walk (SAHRDiag live)
MissionScriptLoader,0x00611A34,CONFIRMED,RTTI COL walk (SAHRDiag live)
tTexture,0x005F92A0,CONFIRMED,RTTI COL walk (SAHRDiag live)
MissionManager,0x00612B6C,CONFIRMED,RTTI COL walk (SAHRDiag live)
Mission,0x00612CC0,CONFIRMED,RTTI COL walk (SAHRDiag live)
BonusMissionInfo,0x00612DB4,CONFIRMED,RTTI COL walk (SAHRDiag live)
AnimatedIcon::AnimIconDSG,0x00612DC0,CONFIRMED,RTTI COL walk (SAHRDiag live)
AnimatedIcon,0x00612E24,CONFIRMED,RTTI COL walk (SAHRDiag live)
tCompositeDrawable::DrawableEffectElement,0x005F97F0,CONFIRMED,RTTI COL walk (SAHRDiag live)
tCompositeDrawable::DrawableElement,0x005F975C,CONFIRMED,RTTI COL walk (SAHRDiag live)
HeapManager,0x00612EA0,CONFIRMED,RTTI COL walk (SAHRDiag live)
HeapActivityTracker,0x00612EB0,CONFIRMED,RTTI COL walk (SAHRDiag live)
HeapStack,0x00612EBC,CONFIRMED,RTTI COL walk (SAHRDiag live)
tBMPHandler,0x005FA39C,CONFIRMED,RTTI COL walk (SAHRDiag live)
tPNGHandler,0x005FA354,CONFIRMED,RTTI COL walk (SAHRDiag live)
tFileHandler,0x005F3E48,CONFIRMED,RTTI COL walk (SAHRDiag live)
tImageHandler,0x005FA30C,CONFIRMED,RTTI COL walk (SAHRDiag live)
tTargaHandler,0x005FA3E4,CONFIRMED,RTTI COL walk (SAHRDiag live)
Win32Platform,0x006131F0,CONFIRMED,RTTI COL walk (SAHRDiag live)
VtTextureFont::?$SafeCast,0x00613240,CONFIRMED,RTTI COL walk (SAHRDiag live)
tTextureFont,0x005F9224,CONFIRMED,RTTI COL walk (SAHRDiag live)
Game,0x006135FC,CONFIRMED,RTTI COL walk (SAHRDiag live)
SoundFileHandler,0x0061389C,CONFIRMED,RTTI COL walk (SAHRDiag live)
FileHandler,0x00613B9C,CONFIRMED,RTTI COL walk (SAHRDiag live)
ScroobyFileHandler,0x006138B4,CONFIRMED,RTTI COL walk (SAHRDiag live)
RoadLoader,0x006138DC,CONFIRMED,RTTI COL walk (SAHRDiag live)
RoadDataSegmentLoader,0x00613938,CONFIRMED,RTTI COL walk (SAHRDiag live)
PathLoader,0x0061395C,CONFIRMED,RTTI COL walk (SAHRDiag live)
P3DFileHandler,0x00613998,CONFIRMED,RTTI COL walk (SAHRDiag live)
PedGroupLocator,0x006139FC,CONFIRMED,RTTI COL walk (SAHRDiag live)
LocatorLoader,0x00613A30,CONFIRMED,RTTI COL walk (SAHRDiag live)
LoadingManager,0x00613A7C,CONFIRMED,RTTI COL walk (SAHRDiag live)
IntersectionLoader,0x00613ACC,CONFIRMED,RTTI COL walk (SAHRDiag live)
IconFileHandler,0x00613AF0,CONFIRMED,RTTI COL walk (SAHRDiag live)
ConsoleFileHandler,0x00613B20,CONFIRMED,RTTI COL walk (SAHRDiag live)
ChoreoFileHandler,0x00613B48,CONFIRMED,RTTI COL walk (SAHRDiag live)
IRadCementLibraryCompletionCallback,0x00613BB4,CONFIRMED,RTTI COL walk (SAHRDiag live)
CementFileHandler,0x00613BC4,CONFIRMED,RTTI COL walk (SAHRDiag live)
CameraDataLoader,0x00613BEC,CONFIRMED,RTTI COL walk (SAHRDiag live)
WalkerCamDataChunk,0x00613C10,CONFIRMED,RTTI COL walk (SAHRDiag live)
sim::VCollisionObject::?$SafeCast,0x005F3368,CONFIRMED,RTTI COL walk (SAHRDiag live)
VDirectionalLocator::?$SafeCast,0x00613C40,CONFIRMED,RTTI COL walk (SAHRDiag live)
InteriorManager,0x00613C48,CONFIRMED,RTTI COL walk (SAHRDiag live)
InteriorExit,0x00613C54,CONFIRMED,RTTI COL walk (SAHRDiag live)
NISSoundPlaybackCompleteCallback,0x00613C30,CONFIRMED,RTTI COL walk (SAHRDiag live)
Gag,0x00613CA0,CONFIRMED,RTTI COL walk (SAHRDiag live)
GagDrawable,0x00613D08,CONFIRMED,RTTI COL walk (SAHRDiag live)
VtFrameController::?$SafeCast,0x005F8524,CONFIRMED,RTTI COL walk (SAHRDiag live)
tFrameController,0x005F992C,CONFIRMED,RTTI COL walk (SAHRDiag live)
sim::CollisionObject,0x005F359C,CONFIRMED,RTTI COL walk (SAHRDiag live)
tCompositeDrawable,0x005F9864,CONFIRMED,RTTI COL walk (SAHRDiag live)
WheelRumble,0x00614078,CONFIRMED,RTTI COL walk (SAHRDiag live)
ForceEffect,0x006144BC,CONFIRMED,RTTI COL walk (SAHRDiag live)
UserController,0x006141E0,CONFIRMED,RTTI COL walk (SAHRDiag live)
SteeringSpring,0x0061437C,CONFIRMED,RTTI COL walk (SAHRDiag live)
RumbleEffect,0x006143F8,CONFIRMED,RTTI COL walk (SAHRDiag live)
InputManager,0x00614428,CONFIRMED,RTTI COL walk (SAHRDiag live)
ConstantEffect,0x006144CC,CONFIRMED,RTTI COL walk (SAHRDiag live)
BaseDamper,0x006144DC,CONFIRMED,RTTI COL walk (SAHRDiag live)
RealController,0x006144EC,CONFIRMED,RTTI COL walk (SAHRDiag live)
Mouse,0x00614530,CONFIRMED,RTTI COL walk (SAHRDiag live)
Keyboard,0x00614590,CONFIRMED,RTTI COL walk (SAHRDiag live)
Gamepad,0x006145C0,CONFIRMED,RTTI COL walk (SAHRDiag live)
GameFlow,0x00614634,CONFIRMED,RTTI COL walk (SAHRDiag live)
SuperSprintFEContext,0x00614668,CONFIRMED,RTTI COL walk (SAHRDiag live)
Context,0x006149E0,CONFIRMED,RTTI COL walk (SAHRDiag live)
SuperSprintContext,0x00614694,CONFIRMED,RTTI COL walk (SAHRDiag live)
PlayingContext,0x00614814,CONFIRMED,RTTI COL walk (SAHRDiag live)
LoadingSuperSprintContext,0x006146B8,CONFIRMED,RTTI COL walk (SAHRDiag live)
LoadingContext,0x006148F4,CONFIRMED,RTTI COL walk (SAHRDiag live)
LoadingDemoContext,0x006146E8,CONFIRMED,RTTI COL walk (SAHRDiag live)
DemoContext,0x00614718,CONFIRMED,RTTI COL walk (SAHRDiag live)
LoadingGameplayContext,0x0061473C,CONFIRMED,RTTI COL walk (SAHRDiag live)
VtLightGroup::?$SafeCast,0x005FA004,CONFIRMED,RTTI COL walk (SAHRDiag live)
GameplayContext,0x0061476C,CONFIRMED,RTTI COL walk (SAHRDiag live)
ComedyCam,0x00614794,CONFIRMED,RTTI COL walk (SAHRDiag live)
tLightGroup,0x005F883C,CONFIRMED,RTTI COL walk (SAHRDiag live)
WalkerCam,0x00614C8C,CONFIRMED,RTTI COL walk (SAHRDiag live)
PauseContext,0x00614860,CONFIRMED,RTTI COL walk (SAHRDiag live)
FrontEndContext,0x0061494C,CONFIRMED,RTTI COL walk (SAHRDiag live)
ExitContext,0x00614998,CONFIRMED,RTTI COL walk (SAHRDiag live)
EntryContext,0x006149BC,CONFIRMED,RTTI COL walk (SAHRDiag live)
BootupContext,0x00614A04,CONFIRMED,RTTI COL walk (SAHRDiag live)
Console,0x00614B00,CONFIRMED,RTTI COL walk (SAHRDiag live)
std::out_of_range,0x005F77A4,CONFIRMED,RTTI COL walk (SAHRDiag live)
exception,0x005FEC90,CONFIRMED,RTTI COL walk (SAHRDiag live)
std::logic_error,0x005F778C,CONFIRMED,RTTI COL walk (SAHRDiag live)
CollectorCard,0x00614B8C,CONFIRMED,RTTI COL walk (SAHRDiag live)
Card,0x00614BD4,CONFIRMED,RTTI COL walk (SAHRDiag live)
CardsDB,0x00614B98,CONFIRMED,RTTI COL walk (SAHRDiag live)
CardGallery,0x00614BA8,CONFIRMED,RTTI COL walk (SAHRDiag live)
BonusCard,0x00614BE0,CONFIRMED,RTTI COL walk (SAHRDiag live)
WrecklessEventListener,0x00614BEC,CONFIRMED,RTTI COL walk (SAHRDiag live)
WrecklessCam,0x00614BFC,CONFIRMED,RTTI COL walk (SAHRDiag live)
WalkerCamData,0x00614C84,CONFIRMED,RTTI COL walk (SAHRDiag live)
TrackerCam,0x00614D0C,CONFIRMED,RTTI COL walk (SAHRDiag live)
TrackerCamData,0x00614D7C,CONFIRMED,RTTI COL walk (SAHRDiag live)
SuperSprintCam,0x00614D94,CONFIRMED,RTTI COL walk (SAHRDiag live)
SuperCamController,0x00614E24,CONFIRMED,RTTI COL walk (SAHRDiag live)
SuperCamCentral,0x00614E4C,CONFIRMED,RTTI COL walk (SAHRDiag live)
FollowCamDataChunk,0x00614E78,CONFIRMED,RTTI COL walk (SAHRDiag live)
StaticCam,0x00614F44,CONFIRMED,RTTI COL walk (SAHRDiag live)
VtVectorCamera::?$SafeCast,0x005F9AF8,CONFIRMED,RTTI COL walk (SAHRDiag live)
tVectorCamera,0x005FA99C,CONFIRMED,RTTI COL walk (SAHRDiag live)
SineCosShaker,0x00614FC0,CONFIRMED,RTTI COL walk (SAHRDiag live)
ICameraShaker,0x00614FFC,CONFIRMED,RTTI COL walk (SAHRDiag live)
ReverseCam,0x0061504C,CONFIRMED,RTTI COL walk (SAHRDiag live)
AnimatedCam,0x006155C4,CONFIRMED,RTTI COL walk (SAHRDiag live)
RelativeAnimatedCam,0x006150CC,CONFIRMED,RTTI COL walk (SAHRDiag live)
RailCam,0x0061515C,CONFIRMED,RTTI COL walk (SAHRDiag live)
PCCam,0x006151F4,CONFIRMED,RTTI COL walk (SAHRDiag live)
FollowCamData,0x006152E8,CONFIRMED,RTTI COL walk (SAHRDiag live)
FollowCam,0x006152F4,CONFIRMED,RTTI COL walk (SAHRDiag live)
DebugCam,0x00615384,CONFIRMED,RTTI COL walk (SAHRDiag live)
ConversationCam,0x00615404,CONFIRMED,RTTI COL walk (SAHRDiag live)
ConversationCamData,0x00615474,CONFIRMED,RTTI COL walk (SAHRDiag live)
ChaseCam,0x006154B4,CONFIRMED,RTTI COL walk (SAHRDiag live)
ChaseCamData,0x00615524,CONFIRMED,RTTI COL walk (SAHRDiag live)
BumperCam,0x0061553C,CONFIRMED,RTTI COL walk (SAHRDiag live)
BumperCamData,0x006155AC,CONFIRMED,RTTI COL walk (SAHRDiag live)
VtMultiController::?$SafeCast,0x005F43EC,CONFIRMED,RTTI COL walk (SAHRDiag live)
VtCamera::?$SafeCast,0x005F43E4,CONFIRMED,RTTI COL walk (SAHRDiag live)
tMultiController,0x005F84B4,CONFIRMED,RTTI COL walk (SAHRDiag live)
tCamera,0x005FAA14,CONFIRMED,RTTI COL walk (SAHRDiag live)
ATCLoader,0x0061566C,CONFIRMED,RTTI COL walk (SAHRDiag live)
VEventLocator::?$SafeCast,0x006156BC,CONFIRMED,RTTI COL walk (SAHRDiag live)
UFOBehaviour,0x00615698,CONFIRMED,RTTI COL walk (SAHRDiag live)
UFOBeamAlwaysOn,0x006156CC,CONFIRMED,RTTI COL walk (SAHRDiag live)
UFOAttackBehaviour,0x006156F0,CONFIRMED,RTTI COL walk (SAHRDiag live)
SpawnPoint,0x00615714,CONFIRMED,RTTI COL walk (SAHRDiag live)
ProjectileDSG,0x00615754,CONFIRMED,RTTI COL walk (SAHRDiag live)
ActorDSG,0x00615C0C,CONFIRMED,RTTI COL walk (SAHRDiag live)
Projectile,0x0061581C,CONFIRMED,RTTI COL walk (SAHRDiag live)
Actor,0x00615D44,CONFIRMED,RTTI COL walk (SAHRDiag live)
IntersectionList,0x0061593C,CONFIRMED,RTTI COL walk (SAHRDiag live)
FlyingActor,0x00615944,CONFIRMED,RTTI COL walk (SAHRDiag live)
VtDrawable::?$SafeCast,0x005F985C,CONFIRMED,RTTI COL walk (SAHRDiag live)
EvasionBehaviour,0x006159DC,CONFIRMED,RTTI COL walk (SAHRDiag live)
AttractionBehaviour,0x00615A00,CONFIRMED,RTTI COL walk (SAHRDiag live)
AttackBehaviour,0x00615A30,CONFIRMED,RTTI COL walk (SAHRDiag live)
VLocator::?$SafeCast,0x00615A84,CONFIRMED,RTTI COL walk (SAHRDiag live)
ActorManager,0x00615A8C,CONFIRMED,RTTI COL walk (SAHRDiag live)
std::length_error,0x005F7798,CONFIRMED,RTTI COL walk (SAHRDiag live)
VCStatePropData::?$SafeCast,0x00615CD4,CONFIRMED,RTTI COL walk (SAHRDiag live)
WingAnimator,0x00615CFC,CONFIRMED,RTTI COL walk (SAHRDiag live)
ActorAnimationWasp,0x00615D0C,CONFIRMED,RTTI COL walk (SAHRDiag live)
StatePropDSGProcAnimator,0x00615D1C,CONFIRMED,RTTI COL walk (SAHRDiag live)
ActorAnimation,0x00615DCC,CONFIRMED,RTTI COL walk (SAHRDiag live)
ActorAnimationUFO,0x00615DBC,CONFIRMED,RTTI COL walk (SAHRDiag live)
WaypointAI,0x00615DDC,CONFIRMED,RTTI COL walk (SAHRDiag live)
VehicleAI,0x00615E6C,CONFIRMED,RTTI COL walk (SAHRDiag live)
TrafficAI,0x00615EF4,CONFIRMED,RTTI COL walk (SAHRDiag live)
Potentials,0x00615F50,CONFIRMED,RTTI COL walk (SAHRDiag live)
PotentialField,0x00615F58,CONFIRMED,RTTI COL walk (SAHRDiag live)
ChaseAI,0x00615F60,CONFIRMED,RTTI COL walk (SAHRDiag live)
Task,0x00615FD8,CONFIRMED,RTTI COL walk (SAHRDiag live)
Sequencer,0x00615FE8,CONFIRMED,RTTI COL walk (SAHRDiag live)
ActionController,0x00615FF0,CONFIRMED,RTTI COL walk (SAHRDiag live)
GetUpAction,0x00615FF8,CONFIRMED,RTTI COL walk (SAHRDiag live)
FlailAction,0x00616020,CONFIRMED,RTTI COL walk (SAHRDiag live)
Position,0x00616048,CONFIRMED,RTTI COL walk (SAHRDiag live)
SurfAction,0x00616070,CONFIRMED,RTTI COL walk (SAHRDiag live)
choreo::VAnimation::?$SafeCast,0x005FCFB4,CONFIRMED,RTTI COL walk (SAHRDiag live)
CringeAction,0x0061609C,CONFIRMED,RTTI COL walk (SAHRDiag live)
Orient,0x006160C4,CONFIRMED,RTTI COL walk (SAHRDiag live)
DodgeAction,0x006160EC,CONFIRMED,RTTI COL walk (SAHRDiag live)
InCarAction,0x00616114,CONFIRMED,RTTI COL walk (SAHRDiag live)
Arrive,0x00616168,CONFIRMED,RTTI COL walk (SAHRDiag live)
choreo::VLocomotion::?$SafeCast,0x005FCFBC,CONFIRMED,RTTI COL walk (SAHRDiag live)
JumpAction,0x00616190,CONFIRMED,RTTI COL walk (SAHRDiag live)
CarDoorAction,0x006161B8,CONFIRMED,RTTI COL walk (SAHRDiag live)
DecelAction,0x006161E0,CONFIRMED,RTTI COL walk (SAHRDiag live)
WalkerLocomotionAction,0x0061620C,CONFIRMED,RTTI COL walk (SAHRDiag live)
AccelAction,0x00616234,CONFIRMED,RTTI COL walk (SAHRDiag live)
PlayIdleAnimationAction,0x00616260,CONFIRMED,RTTI COL walk (SAHRDiag live)
ReverseAction,0x0061628C,CONFIRMED,RTTI COL walk (SAHRDiag live)
HoldAnimationAction,0x0061613C,CONFIRMED,RTTI COL walk (SAHRDiag live)
SteerAction,0x006162B8,CONFIRMED,RTTI COL walk (SAHRDiag live)
PlayAnimationAction,0x006162E4,CONFIRMED,RTTI COL walk (SAHRDiag live)
choreo::Locomotion,0x005FD19C,CONFIRMED,RTTI COL walk (SAHRDiag live)
choreo::Animation,0x005FD598,CONFIRMED,RTTI COL walk (SAHRDiag live)
Action,0x00617210,CONFIRMED,RTTI COL walk (SAHRDiag live)
CharacterAi::NoState,0x006163F4,CONFIRMED,RTTI COL walk (SAHRDiag live)
CharacterAi::State,0x006165A4,CONFIRMED,RTTI COL walk (SAHRDiag live)
ReleaseDoorsAction,0x00616410,CONFIRMED,RTTI COL walk (SAHRDiag live)
CharacterAi::GetIn,0x00616438,CONFIRMED,RTTI COL walk (SAHRDiag live)
CharacterAi::InSim,0x00616460,CONFIRMED,RTTI COL walk (SAHRDiag live)
KickAction,0x0061647C,CONFIRMED,RTTI COL walk (SAHRDiag live)
DelayAction,0x006164A4,CONFIRMED,RTTI COL walk (SAHRDiag live)
CharacterAi::Loco,0x006164CC,CONFIRMED,RTTI COL walk (SAHRDiag live)
ChangeNPCControllerState,0x006164E8,CONFIRMED,RTTI COL walk (SAHRDiag live)
ChangeLocomotion,0x00616510,CONFIRMED,RTTI COL walk (SAHRDiag live)
CharacterAi::InCar,0x00616538,CONFIRMED,RTTI COL walk (SAHRDiag live)
CharacterAi::VLoco::?$ChangeState,0x00616554,CONFIRMED,RTTI COL walk (SAHRDiag live)
GroundSnap,0x0061657C,CONFIRMED,RTTI COL walk (SAHRDiag live)
CharacterAi::VInCar::?$ChangeState,0x006165C0,CONFIRMED,RTTI COL walk (SAHRDiag live)
CharacterAi::GetOut,0x006165E8,CONFIRMED,RTTI COL walk (SAHRDiag live)
ActionButton::PlayAnimOnce,0x00616994,CONFIRMED,RTTI COL walk (SAHRDiag live)
ActionButton::ActionEventHandler,0x00616F3C,CONFIRMED,RTTI COL walk (SAHRDiag live)
ActionButton::AnimSwitch,0x006178F4,CONFIRMED,RTTI COL walk (SAHRDiag live)
ActionButton::PlayAnim,0x0061783C,CONFIRMED,RTTI COL walk (SAHRDiag live)
ActionButton::AutomaticDoor,0x006169FC,CONFIRMED,RTTI COL walk (SAHRDiag live)
ActionButton::OpenDoor,0x00616A64,CONFIRMED,RTTI COL walk (SAHRDiag live)
ActionButton::Doorbell,0x00616ACC,CONFIRMED,RTTI COL walk (SAHRDiag live)
ActionButton::TalkMission,0x00616B34,CONFIRMED,RTTI COL walk (SAHRDiag live)
ActionButton::TalkDialog,0x00616B9C,CONFIRMED,RTTI COL walk (SAHRDiag live)
ActionButton::ReverseAnim,0x00616C04,CONFIRMED,RTTI COL walk (SAHRDiag live)
ActionButton::TalkFood,0x00616CC4,CONFIRMED,RTTI COL walk (SAHRDiag live)
ActionButtonManager,0x00616D28,CONFIRMED,RTTI COL walk (SAHRDiag live)
ActionButton::ToggleAnim,0x0061739C,CONFIRMED,RTTI COL walk (SAHRDiag live)
TriggerEventAction,0x00616F8C,CONFIRMED,RTTI COL walk (SAHRDiag live)
ActionButton::NitroIcon,0x00616FB4,CONFIRMED,RTTI COL walk (SAHRDiag live)
ActionButton::UseVendingMachine,0x0061702C,CONFIRMED,RTTI COL walk (SAHRDiag live)
ActionButton::GetInCar,0x006170FC,CONFIRMED,RTTI COL walk (SAHRDiag live)
ActionButton::WrenchIcon,0x00617148,CONFIRMED,RTTI COL walk (SAHRDiag live)
ActionButton::PurchaseSkin,0x006171BC,CONFIRMED,RTTI COL walk (SAHRDiag live)
ActionButton::EnterInterior,0x0061723C,CONFIRMED,RTTI COL walk (SAHRDiag live)
ActionButton::DestroyObject,0x00617288,CONFIRMED,RTTI COL walk (SAHRDiag live)
ActionButton::AnimCollisionEntityDSGWrapper,0x00617364,CONFIRMED,RTTI COL walk (SAHRDiag live)
ActionButton::AutoPlayAnimInOut,0x00617404,CONFIRMED,RTTI COL walk (SAHRDiag live)
VCarStartLocator::?$SafeCast,0x00617474,CONFIRMED,RTTI COL walk (SAHRDiag live)
ActionButton::CollectibleCard,0x0061747C,CONFIRMED,RTTI COL walk (SAHRDiag live)
VAnimCollisionEntityDSG::?$SafeCast,0x006174E4,CONFIRMED,RTTI COL walk (SAHRDiag live)
ActionButton::PurchaseCar,0x006174EC,CONFIRMED,RTTI COL walk (SAHRDiag live)
ActionButton::AutoPlayAnimLoop,0x00617544,CONFIRMED,RTTI COL walk (SAHRDiag live)
ActionButton::SummonVehiclePhone,0x006175AC,CONFIRMED,RTTI COL walk (SAHRDiag live)
ActionButton::SummonVehiclePhoneStaticCallback,0x00617604,CONFIRMED,RTTI COL walk (SAHRDiag live)
ActionButton::PurchaseReward,0x0061760C,CONFIRMED,RTTI COL walk (SAHRDiag live)
ActionButton::AutoPlayAnim,0x00617664,CONFIRMED,RTTI COL walk (SAHRDiag live)
ActionButton::PrankPhone,0x006176CC,CONFIRMED,RTTI COL walk (SAHRDiag live)
ActionButton::PlayAnimLoop,0x00617734,CONFIRMED,RTTI COL walk (SAHRDiag live)
AssignValueToFloat,0x00617798,CONFIRMED,RTTI COL walk (SAHRDiag live)
ActionButton::TeleportAction,0x006177D4,CONFIRMED,RTTI COL walk (SAHRDiag live)
VStatePropDSG::?$SafeCast,0x00617834,CONFIRMED,RTTI COL walk (SAHRDiag live)
ActionButton::GenericEventButtonHandler,0x006178A4,CONFIRMED,RTTI COL walk (SAHRDiag live)
ActionButton::Collectible,0x006172FC,CONFIRMED,RTTI COL walk (SAHRDiag live)
ActionButton::RespawnCollectible,0x00617094,CONFIRMED,RTTI COL walk (SAHRDiag live)
ActionButton::CollectibleFood,0x0061795C,CONFIRMED,RTTI COL walk (SAHRDiag live)
